"id","topic","subtopic","answer","attachment"
1,"–û–± —É–Ω–∏–≤–µ—Ä—Å–∏—Ç–µ—Ç–µ",NULL,"21 –æ–∫—Ç—è–±—Ä—è (1 –Ω–æ—è–±—Ä—è) 1773 –≥. ‚Äì –ï–∫–∞—Ç–µ—Ä–∏–Ω–∞ II –Ω–∞—á–µ—Ä—Ç–∞–ª–∞ –Ω–∞ —É–∫–∞–∑–µ –æ —Å–æ–∑–¥–∞–Ω–∏–∏ –∏–Ω–∂–µ–Ω–µ—Ä–Ω–æ–≥–æ —É—á–∏–ª–∏—â–∞ –ø–æ –≥–æ—Ä–Ω–æ–π —á–∞—Å—Ç–∏ ¬´–±—ã—Ç—å –ø–æ —Å–µ–º—É¬ª. –≠—Ç–∞ –¥–∞—Ç–∞ —Å—Ç–∞–ª–∞ –¥–Ω–µ–º —Ä–æ–∂–¥–µ–Ω–∏—è –≤—Å–µ–≥–æ –≤—ã—Å—à–µ–≥–æ —Ç–µ—Ö–Ω–∏—á–µ—Å–∫–æ–≥–æ –æ–±—Ä–∞–∑–æ–≤–∞–Ω–∏—è –†–æ—Å—Å–∏–∏.

–í –ì–æ—Ä–Ω–æ–º —É–Ω–∏–≤–µ—Ä—Å–∏—Ç–µ—Ç–µ 9 —Ñ–∞–∫—É–ª—å—Ç–µ—Ç–æ–≤: –≥–µ–æ–ª–æ–≥–æ—Ä–∞–∑–≤–µ–¥–æ—á–Ω—ã–π, –≥–æ—Ä–Ω—ã–π, –Ω–µ—Ñ—Ç–µ–≥–∞–∑–æ–≤—ã–π, —Å—Ç—Ä–æ–∏—Ç–µ–ª—å–Ω—ã–π, –º–µ—Ö–∞–Ω–∏–∫–æ-–º–∞—à–∏–Ω–æ—Å—Ç—Ä–æ–∏—Ç–µ–ª—å–Ω—ã–π, –ø–µ—Ä–µ—Ä–∞–±–æ—Ç–∫–∏ –º–∏–Ω–µ—Ä–∞–ª—å–Ω–æ–≥–æ —Å—ã—Ä—å—è, —ç–∫–æ–Ω–æ–º–∏—á–µ—Å–∫–∏–π, —ç–Ω–µ—Ä–≥–µ—Ç–∏—á–µ—Å–∫–∏–π –∏ –∏–Ω—Å—Ç–∏—Ç—É—Ç –±–∞–∑–æ–≤–æ–≥–æ –∏–Ω–∂–µ–Ω–µ—Ä–Ω–æ–≥–æ –æ–±—Ä–∞–∑–æ–≤–∞–Ω–∏—è.

–° 2023 –≥–æ–¥–∞ —É–Ω–∏–≤–µ—Ä—Å–∏—Ç–µ—Ç —É—á–∞—Å—Ç–≤—É–µ—Ç –≤ –ø–∏–ª–æ—Ç–Ω–æ–º –ø—Ä–æ–µ–∫—Ç–µ –æ —Ä–µ—Ñ–æ—Ä–º–µ –≤—ã—Å—à–µ–≥–æ –æ–±—Ä–∞–∑–æ–≤–∞–Ω–∏—è. –í—Å–µ –ø–µ—Ä–≤–æ–∫—É—Ä—Å–Ω–∏–∫–∏ –≤ –ø–µ—Ä–≤—ã–µ –≥–æ–¥—ã —É—á—ë–±—ã —è–≤–ª—è—é—Ç—Å—è —Å—Ç—É–¥–µ–Ω—Ç–∞–º–∏ –ò–Ω—Å—Ç–∏—Ç—É—Ç–∞ –±–∞–∑–æ–≤–æ–≥–æ –∏–Ω–∂–µ–Ω–µ—Ä–Ω–æ–≥–æ –æ–±—Ä–∞–∑–æ–≤–∞–Ω–∏—è –∏ –¥–µ–ª—è—Ç—Å—è –Ω–∞ —á–µ—Ç—ã—Ä–µ —É–∫—Ä—É–ø–Ω—ë–Ω–Ω—ã—Ö –Ω–∞–ø—Ä–∞–≤–ª–µ–Ω–∏—è –æ–±—É—á–µ–Ω–∏—è: –æ—Ç—Ä–∞—Å–ª–µ–≤–æ–µ, –æ–±—â–µ–∏–Ω–¥—É—Å—Ç—Ä–∏–∞–ª—å–Ω–æ–µ, —Å–æ—Ü–∏–∞–ª—å–Ω–æ-—ç–∫–æ–Ω–æ–º–∏—á–µ—Å–∫–æ–µ –∏ –ø—Ä–∏–∫–ª–∞–¥–Ω–æ–µ. 

–°—Ç—É–¥–µ–Ω—Ç—ã –ø–æ—Å–ª–µ –ø–æ–ª—É—á–µ–Ω–∏—è —Ç–µ–æ—Ä–µ—Ç–∏—á–µ—Å–∫–æ–π –ø–æ–¥–≥–æ—Ç–æ–≤–∫–∏, –ø—Ä–æ—Ö–æ–¥—è—Ç –ø—Ä–∞–∫—Ç–∏–∫—É –Ω–∞ —É—á–µ–±–Ω—ã—Ö –±–∞–∑–∞—Ö –ì–æ—Ä–Ω–æ–≥–æ —É–Ω–∏–≤–µ—Ä—Å–∏—Ç–µ—Ç–∞, –∞ –∑–∞—Ç–µ–º –Ω–∞ –ø—Ä–æ–∏–∑–≤–æ–¥—Å—Ç–≤–∞—Ö –ø—Ä–µ–¥–ø—Ä–∏—è—Ç–∏–π-–ø–∞—Ä—Ç–Ω–µ—Ä–æ–≤ –≤—É–∑–∞.
",NULL
2,"–£—á—ë–±–∞","–û—Ü–µ–Ω–∫–∏","–°–∏—Å—Ç–µ–º–∞ –æ—Ü–µ–Ω–∏–≤–∞–Ω–∏—è –≤ –ì–æ—Ä–Ω–æ–º —Ç–∞–∫–∞—è –∂–µ, –∫–∞–∫ –∏ –≤ —à–∫–æ–ª–µ ‚Äì –ø–æ –ø—è—Ç–∏–±–∞–ª–ª—å–Ω–æ–π —à–∫–∞–ª–µ. –û—Ü–µ–Ω–∫–∏ –º–æ–≥—É—Ç —Å—Ç–∞–≤–∏—Ç—å—Å—è –∑–∞ –ª—é–±–æ–π –≤–∏–¥ —Ä–∞–±–æ—Ç: –∑–∞ –∫—É—Ä—Å–æ–≤—ã–µ —Ä–∞–±–æ—Ç—ã/–ø—Ä–æ–µ–∫—Ç—ã, —Ä–∞—Å—á—ë—Ç–Ω–æ-–≥—Ä–∞—Ñ–∏—á–µ—Å–∫–∏–µ —Ä–∞–±–æ—Ç—ã/–∑–∞–¥–∞–Ω–∏—è, —Ä–µ—Ñ–µ—Ä–∞—Ç—ã, –¥–æ–∫–ª–∞–¥—ã, –∫–æ–Ω—Ç—Ä–æ–ª—å–Ω—ã–µ –∏ –ª–∞–±–æ—Ä–∞—Ç–æ—Ä–Ω—ã–µ —Ä–∞–±–æ—Ç—ã, –∫–æ–ª–ª–æ–∫–≤–∏—É–º—ã. –ù–∞ –∏—Ö –æ—Å–Ω–æ–≤–µ –ø—Ä–µ–ø–æ–¥–∞–≤–∞—Ç–µ–ª–∏ –æ—Ü–µ–Ω–∏–≤–∞—é—Ç —Ä–∞–±–æ—Ç—É —Å—Ç—É–¥–µ–Ω—Ç–∞ –∑–∞ —Å–µ–º–µ—Å—Ç—Ä –∏ –¥–æ–ø—É—Å–∫–∞—é—Ç –∫ —ç–∫–∑–∞–º–µ–Ω–∞–º.

–í—Å–µ –æ—Ü–µ–Ω–∫–∏ –∑–∞ –∏—Ç–æ–≥–æ–≤—ã–µ —Ä–∞–±–æ—Ç—ã –ø–æ –ø—Ä–µ–¥–º–µ—Ç–∞–º, –∞ —Ç–∞–∫–∂–µ –æ—Ü–µ–Ω–∫–∏ –Ω–∞ —Å–µ—Å—Å–∏–∏ –≤–ª–∏—è—é—Ç –Ω–∞ —Å—Ç–∏–ø–µ–Ω–¥–∏—é. –ü–æ–ª—É—á–µ–Ω–∏–µ —Ö–æ—Ç—è –±—ã –æ–¥–Ω–æ–π —Ç—Ä–æ–π–∫–∏ –≤–ª–µ—á—ë—Ç –∑–∞ —Å–æ–±–æ–π –µ—ë –ø–æ—Ç–µ—Ä—é. –ê –µ—Å–ª–∏ —Å–¥–∞—Ç—å —ç–∫–∑–∞–º–µ–Ω—ã –Ω–∞ ¬´—Ö–æ—Ä–æ—à–æ¬ª –∏ ¬´–æ—Ç–ª–∏—á–Ω–æ¬ª –∏ –¥–æ–ø–æ–ª–Ω–∏—Ç–µ–ª—å–Ω–æ –∑–∞–Ω–∏–º–∞—Ç—å—Å—è –≤–Ω–µ—É—á–µ–±–Ω–æ–π –¥–µ—è—Ç–µ–ª—å–Ω–æ—Å—Ç—å—é, —Ç–æ –µ—Å—Ç—å –≤–æ–∑–º–æ–∂–Ω–æ—Å—Ç—å –ø–æ–ª—É—á–∞—Ç—å –ø–æ–≤—ã—à–µ–Ω–Ω—É—é —Å—Ç–∏–ø–µ–Ω–¥–∏—é.
",NULL
3,"–£—á—ë–±–∞","–≠–∫–∑–∞–º–µ–Ω—ã","–≠–∫–∑–∞–º–µ–Ω—ã –≤ –ì–æ—Ä–Ω–æ–º —É–Ω–∏–≤–µ—Ä—Å–∏—Ç–µ—Ç–µ –ø—Ä–æ—Ö–æ–¥—è—Ç –≤ —Ç–µ—Å—Ç–æ–≤–æ–π —Ñ–æ—Ä–º–µ, –∑–∞ –∏—Å–∫–ª—é—á–µ–Ω–∏–µ–º —Ç–∞–∫–∏—Ö –¥–∏—Å—Ü–∏–ø–ª–∏–Ω, –∫–∞–∫: —Ñ–∏–ª–æ—Å–æ—Ñ–∏—è, –∏—Å—Ç–æ—Ä–∏—è, —Å–æ—Ü–∏–æ–ª–æ–≥–∏—è, –∞–Ω–≥–ª–∏–π—Å–∫–∏–π —è–∑—ã–∫. –≠—Ç–∏ –ø—Ä–µ–¥–º–µ—Ç—ã —Å—Ç—É–¥–µ–Ω—Ç—ã —Å–¥–∞—é—Ç –≤ –ø–∏—Å—å–º–µ–Ω–Ω–æ–π —Ñ–æ—Ä–º–µ –ø–æ –±–∏–ª–µ—Ç–∞–º.",NULL
4,"–£—á—ë–±–∞","–†–∞—Å–ø–∏—Å–∞–Ω–∏–µ","1 –ø–∞—Ä–∞: 8.50 ‚Äì 10.20
2 –ø–∞—Ä–∞: 10.35 ‚Äì 12:05
3 –ø–∞—Ä–∞: 12.35 ‚Äì 14.05
4 –ø–∞—Ä–∞: 14.15 ‚Äì 15.45
5 –ø–∞—Ä–∞: 15.55 ‚Äì 17.20
6 –ø–∞—Ä–∞: 17.30 ‚Äì 19.00
",NULL
5,"–£—á—ë–±–∞","–°–ø–æ—Ä—Ç–∑–∞–ª","–í —É—á–µ–±–Ω–æ–º —Ü–µ–Ω—Ç—Ä–µ ‚Ññ3 —Ä–∞–±–æ—Ç–∞–µ—Ç —Å–≤–æ–±–æ–¥–Ω–æ–µ –ø–æ—Å–µ—â–µ–Ω–∏–µ —Ç—Ä–µ–Ω–∞–∂—ë—Ä–Ω–æ–≥–æ –∏ —Ñ–∏—Ç–Ω–µ—Å –∑–∞–ª–æ–≤ –∫–∞–∫ –Ω–∞ –ø–µ—Ä–≤–æ–º, —Ç–∞–∫ –∏ –Ω–∞ –≤—Ç–æ—Ä–æ–º —ç—Ç–∞–∂–∞—Ö. 
–í –±—É–¥–Ω–∏–µ –∏ –Ω–µ–ø—Ä–∞–∑–¥–Ω–∏—á–Ω—ã–µ –¥–Ω–∏ –≤ –∑–∞–ª–µ –Ω–∞ 2–æ–º —ç—Ç–∞–∂–µ –≤—Ä–µ–º—è –≤—ã–¥–µ–ª—è–µ—Ç—Å—è —Å 17:30 –¥–æ 19:00. –í –≤—ã—Ö–æ–¥–Ω—ã–µ –∑–∞–ª –æ–±—ã—á–Ω–æ –æ—Ç–∫—Ä—ã—Ç —Å 8:00 –¥–æ 20:00. –í —Å–ø–æ—Ä—Ç–∑–∞–ª –Ω–∞ 1–æ–º —ç—Ç–∞–∂–µ –º–æ–∂–Ω–æ –ø—Ä–∏—Ö–æ–¥–∏—Ç—å –≤ –ª—é–±–æ–µ –≤—Ä–µ–º—è, –¥–∞–∂–µ –≤–æ –≤—Ä–µ–º—è –ø–∞—Ä, –∏ —Ä–∞–±–æ—Ç–∞–µ—Ç –æ–Ω –¥–æ 21:00 –∫–∞–∫ –≤ –±—É–¥–Ω–∏, —Ç–∞–∫ –∏ –≤ –≤—ã—Ö–æ–¥–Ω—ã–µ. –ó–∞–ª—ã –ø—Ä–æ—Å—è—Ç –ø–æ–∫–∏–Ω—É—Ç—å –∑–∞ –ø–æ–ª—á–∞—Å–∞ –¥–æ –≤—Ä–µ–º–µ–Ω–∏ –∑–∞–∫—Ä—ã—Ç–∏—è.
",NULL
6,"–§–æ—Ä–º–∞ –∏ —á–∏–ø-–∫–∞—Ä—Ç–∞",NULL,"–§–æ—Ä–º–∞ –∏ —á–∏–ø-–∫–∞—Ä—Ç–∞
–§–æ—Ä–º–∞ –≤—ã–¥–∞—ë—Ç—Å—è –≤ 1 —É—á–µ–±–Ω–æ–º —Ü–µ–Ω—Ç—Ä–µ –ì–æ—Ä–Ω–æ–≥–æ —É–Ω–∏–≤–µ—Ä—Å–∏—Ç–µ—Ç–∞ –ø–æ—Å–ª–µ –∑–∞—á–∏—Å–ª–µ–Ω–∏—è —Å—Ç—É–¥–µ–Ω—Ç–æ–≤ –ø–æ –∞–¥—Ä–µ—Å—É: 21-—è –ª–∏–Ω–∏—è –í.–û., 2. –§–æ—Ä–º–∞ –≤—ã–¥–∞—ë—Ç—Å—è –∫–∞–∂–¥–æ–º—É –ø–æ—Å—Ç—É–ø–∏–≤—à–µ–º—É –æ–¥–∏–Ω —Ä–∞–∑ –ø–µ—Ä–µ–¥ –Ω–∞—á–∞–ª–æ–º –æ–±—É—á–µ–Ω–∏—è —Å–æ–≤–µ—Ä—à–µ–Ω–Ω–æ –±–µ—Å–ø–ª–∞—Ç–Ω–æ. –°–¥–∞–≤–∞—Ç—å –µ—ë –æ–±—Ä–∞—Ç–Ω–æ –ø–æ—Ç–æ–º –Ω–µ –Ω—É–∂–Ω–æ.

–ü–æ—Ä—è–¥–æ–∫ –ø–æ–ª—É—á–µ–Ω–∏—è —Ñ–æ—Ä–º–µ–Ω–Ω–æ–π –æ–¥–µ–∂–¥—ã –∏ —á–∏–ø-–∫–∞—Ä—Ç—ã:

1. –°–Ω–∞—á–∞–ª–∞ –Ω–∞–¥–æ –≤–∑—è—Ç—å —Ç–∞–ª–æ–Ω—á–∏–∫ –≤ –∞–≤—Ç–æ–º–∞—Ç–µ —É –≥–ª–∞–≤–Ω–æ–≥–æ –≤—Ö–æ–¥–∞ –≤ —É–Ω–∏–≤–µ—Ä—Å–∏—Ç–µ—Ç (—Ç–∞–º –∂–µ –∫–∞–±–∏–Ω–µ—Ç –æ—á–Ω–æ–≥–æ –ø—Ä–∏—ë–º–∞ –¥–æ–∫—É–º–µ–Ω—Ç–æ–≤ –Ω–∞ –∑–∞—á–∏—Å–ª–µ–Ω–∏–µ);

2. –ü–æ—Å–ª–µ —ç—Ç–æ–≥–æ –¥–≤–∏–≥–∞–π—Å—è –ø–æ –∫–∞—Ä—Ç–µ –≤ —Å—Ç–æ—Ä–æ–Ω—É 6–æ–≥–æ –∫–æ—Ä–ø—É—Å–∞ –∫ –∞—É–¥–∏—Ç–æ—Ä–∏—è–º –≤—ã–¥–∞—á–∏ —Ñ–æ—Ä–º—ã –∏ —á–∏–ø-–∫–∞—Ä—Ç—ã ‚Äì –æ–Ω–∏ –Ω–∞—Ö–æ–¥—è—Ç—Å—è –±—É–∫–≤–∞–ª—å–Ω–æ –ø–æ —Å–æ—Å–µ–¥—Å—Ç–≤—É;

3. –í –∞—É–¥–∏—Ç–æ—Ä–∏–∏ –≤—ã–¥–∞—á–∏ —Ñ–æ—Ä–º—ã –º–æ–∂–Ω–æ —Å–ø–æ–∫–æ–π–Ω–æ –ø—Ä–∏–º–µ—Ä–∏—Ç—å –∏ –≤—ã–±—Ä–∞—Ç—å –Ω—É–∂–Ω—ã–π —Ä–∞–∑–º–µ—Ä ‚Äì —Ñ–æ—Ä–º—É –≤—ã–¥–∞–¥—É—Ç —Ç–æ–ª—å–∫–æ ‚ùó –ø—Ä–∏ —É—Å–ª–æ–≤–∏–∏ –ø—Ä–µ–¥—ä—è–≤–ª–µ–Ω–∏—è –ø–∞—Å–ø–æ—Ä—Ç–∞ ‚ùó;

4. –ß–∏–ø-–∫–∞—Ä—Ç—É –∏–∑–≥–æ—Ç–∞–≤–ª–∏–≤–∞—é—Ç –∏ –≤—ã–¥–∞—é—Ç –≤ —ç—Ç–æ—Ç –∂–µ –¥–µ–Ω—å ‚Äì –ø–æ—Å–ª–µ —Ñ–æ—Ç–æ–≥—Ä–∞—Ñ–∏—Ä–æ–≤–∞–Ω–∏—è –Ω—É–∂–Ω–æ –ø—Ä–æ—Å—Ç–æ –Ω–µ–º–Ω–æ–≥–æ –ø–æ–¥–æ–∂–¥–∞—Ç—å —É –∞—É–¥–∏—Ç–æ—Ä–∏–∏.
","{–≤—ã–¥–∞—á–∞_–ø–∏–¥–∂–∞–∫–æ–≤.jpg}"
7,"–ê–∫—Ç–∏–≤ –≤ –ì–æ—Ä–Ω–æ–º",NULL," üîπ –ö–∞–∫ —Ç—É–¥–∞ –ø–æ–ø–∞—Å—Ç—å üîπ 

–ü–æ–∑–Ω–∞–∫–æ–º–∏—Ç—å—Å—è —Å —Ç–µ–º, —á—Ç–æ –ø—Ä–æ–∏—Å—Ö–æ–¥–∏—Ç –≤ –∞–∫—Ç–∏–≤–µ —É–Ω–∏–≤–µ—Ä—Å–∏—Ç–µ—Ç–∞, –ø–æ–∑–≤–æ–ª—è—Ç —Å–æ–æ–±—â–µ—Å—Ç–≤–∞ –í–∫–æ–Ω—Ç–∞–∫—Ç–µ:
1. –≥—Ä—É–ø–ø–∞ @mininstud (–°–æ–≤–µ—Ç–∞ –û–±—É—á–∞—é—â–∏—Ö—Å—è);
2. –≥—Ä—É–ø–ø–∞ —Ç–≤–æ–µ–≥–æ —Ñ–∞–∫—É–ª—å—Ç–µ—Ç–∞ (—Å—Å—ã–ª–∫–∏ –Ω–∞ –∫–∞–∂–¥—É—é –∑–∞–∫—Ä–µ–ø–ª–µ–Ω—ã –≤ –≥—Ä—É–ø–ø–µ –°–û);
3. –≥—Ä—É–ø–ø–∞ @cultmass1773 (–ö–ª—É–±–∞ –ö—É–ª—å—Ç—É—Ä–Ω–æ-–º–∞—Å—Å–æ–≤—ã—Ö –ø—Ä–æ–µ–∫—Ç–æ–≤), –∞ —Ç–∞–∫–∂–µ –≥—Ä—É–ø–ø—ã –Ω–∞–ø—Ä–∞–≤–ª–µ–Ω–∏–π, –ø—Ä–æ–µ–∫—Ç–æ–≤ –∏ –∫–ª—É–±–æ–≤ –ø–æ –∏–Ω—Ç–µ—Ä–µ—Å–∞–º –æ–±—É—á–∞—é—â–∏—Ö—Å—è.

–¢–∞–∫–∂–µ –≤ —Å–µ–Ω—Ç—è–±—Ä–µ-–æ–∫—Ç—è–±—Ä–µ —Ç—Ä–∞–¥–∏—Ü–∏–æ–Ω–Ω–æ –ø—Ä–æ–≤–æ–¥–∏—Ç—Å—è –º–µ—Ä–æ–ø—Ä–∏—è—Ç–∏–µ ¬´–ó–Ω–∞–∫–æ–º—Å—Ç–≤–æ —Å –ì–æ—Ä–Ω—ã–º —É–Ω–∏–≤–µ—Ä—Å–∏—Ç–µ—Ç–æ–º¬ª - —Å–≤–æ–µ–æ–±—Ä–∞–∑–Ω–∞—è —è—Ä–º–∞—Ä–∫–∞, –Ω–∞ –∫–æ—Ç–æ—Ä–æ–π –≤—Å–µ –∫–ª—É–±—ã —Ä–∞—Å—Å–∫–∞–∑—ã–≤–∞—é—Ç –æ —Å–≤–æ–µ–π –¥–µ—è—Ç–µ–ª—å–Ω–æ—Å—Ç–∏ –∏ –ø–æ–∑–≤–æ–ª—è—é—Ç –æ–∫—É–Ω—É—Ç—å—Å—è –≤ –∞–∫—Ç–∏–≤–Ω—É—é –∂–∏–∑–Ω—å –≤—Å–µ–≥–æ —É–Ω–∏–≤–µ—Ä—Å–∏—Ç–µ—Ç–∞ –∑–∞ –æ–¥–∏–Ω –≤–µ—á–µ—Ä.
–û—Å—Ç–∞—ë—Ç—Å—è —Ç–æ–ª—å–∫–æ –≤—ã–±—Ä–∞—Ç—å, —á—Ç–æ —Ç–µ–±–µ –±–æ–ª—å—à–µ –ø–æ –¥—É—à–µ ‚Äì –∞–∫—Ç–∏–≤–∏—Å—Ç—ã —É–Ω–∏–≤–µ—Ä—Å–∏—Ç–µ—Ç–∞ —Ä–∞–¥—ã –≤—Å—Ç—Ä–µ—á–∞—Ç—å —Å–≤–æ–∏—Ö –µ–¥–∏–Ω–æ–º—ã—à–ª–µ–Ω–Ω–∏–∫–æ–≤ —Å—Ä–µ–¥–∏ –ø–æ—Å—Ç—É–ø–∏–≤—à–∏—Ö. –ù–æ –Ω–µ –∑–∞–±—É–¥—å –æ—Ü–µ–Ω–∏—Ç—å –∏ —Å–≤–æ—é —É—á–µ–±–Ω—É—é –Ω–∞–≥—Ä—É–∑–∫—É!

üîπ –ó–∞—á–µ–º –±—ã—Ç—å –∞–∫—Ç–∏–≤–∏—Å—Ç–æ–º üîπ 

–õ—é–±–∞—è –¥–µ—è—Ç–µ–ª—å–Ω–æ—Å—Ç—å, –ø–æ–º–∏–º–æ —É—á–µ–±–Ω–æ–π, –ø–æ–∑–≤–æ–ª—è–µ—Ç –æ—Ç–≤–ª–µ—á—å—Å—è –∏ –Ω–µ –≤—ã–≥–æ—Ä–µ—Ç—å, –Ω–∞–π—Ç–∏ —Å–≤–æ–∏—Ö –µ–¥–∏–Ω–æ–º—ã—à–ª–µ–Ω–Ω–∏–∫–æ–≤, –≤–Ω–µ—Å—Ç–∏ —Ä–∞–∑–Ω–æ–æ–±—Ä–∞–∑–∏–µ –∏ –¥–≤–∏–∂–µ–Ω–∏–µ –≤ –ø–æ–≤—Å–µ–¥–Ω–µ–≤–Ω—É—é –∂–∏–∑–Ω—å, –∫—Ä—É—Ç–æ –ø—Ä–æ–∫–∞—á–∞—Ç—å soft-skills –∏ –≤—ã–≤–µ—Å—Ç–∏ —Ç–≤–æ–∏ —É–º–µ–Ω–∏—è –∏ –Ω–∞–≤—ã–∫–∏ –Ω–∞ –Ω–æ–≤—ã–π —É—Ä–æ–≤–µ–Ω—å. –ù—É –∏, –∫–æ–Ω–µ—á–Ω–æ –∂–µ, –º–æ–∂–Ω–æ –ø—Ä–µ—Ç–µ–Ω–¥–æ–≤–∞—Ç—å –Ω–∞ –ø–æ–≤—ã—à–µ–Ω–Ω—É—é —Å—Ç–∏–ø–µ–Ω–¥–∏—é!
",NULL
8,"–í–æ–µ–Ω–Ω–∞—è –∫–∞—Ñ–µ–¥—Ä–∞","–ü–æ—Å—Ç–∞–Ω–æ–≤–∫–∞ –Ω–∞ –≤–æ–∏–Ω—Å–∫–∏–π —É—á—ë—Ç","–ü–æ–¥—Ä–æ–±–Ω–µ–µ —Å –ø–æ—Ä—è–¥–∫–æ–º –ø–æ—Å—Ç–∞–Ω–æ–≤–∫–∏ –Ω–∞ –≤–æ–∏–Ω—Å–∫–∏–π —É—á—ë—Ç –º–æ–∂–Ω–æ –æ–∑–Ω–∞–∫–æ–º–∏—Ç—å—Å—è –ø–æ —Å—Å—ã–ª–∫–µ:
üåê https://vk.cc/cyDWeD",NULL
9,"–í–æ–µ–Ω–Ω–∞—è –∫–∞—Ñ–µ–¥—Ä–∞","–ú–µ–¥–∫–æ–º–∏—Å—Å–∏—è","–ú–µ–¥–∫–æ–º–∏—Å—Å–∏—è –≤–∫–ª—é—á–∞–µ—Ç –≤ —Å–µ–±—è –ø—Ä–æ—Ö–æ–¥ –≤—Å–µ—Ö –≤—Ä–∞—á–µ–π –≤ –≤–æ–µ–Ω–∫–æ–º–∞—Ç–µ, –∫ –∫–æ—Ç–æ—Ä–æ–º—É —Ç—ã –ø—Ä–∏–ø–∏—Å–∞–Ω, –ø–æ—ç—Ç–æ–º—É –µ—Å–ª–∏ —Ç—ã –ø—Ä–∏–∫—Ä–µ–ø–ª—ë–Ω –≤ –≤–æ–µ–Ω–∫–æ–º–∞—Ç–µ —Å–≤–æ–µ–≥–æ –≥–æ—Ä–æ–¥–∞, —Ç–æ –≤ –ø–µ—Ä–≤—É—é –æ—á–µ—Ä–µ–¥—å –Ω–µ–æ–±—Ö–æ–¥–∏–º–æ –ø—Ä–∏–∫—Ä–µ–ø–∏—Ç—å—Å—è –∫ –°–∞–Ω–∫—Ç-–ü–µ—Ç–µ—Ä–±—É—Ä–≥—Å–∫–æ–º—É –≤–æ–µ–Ω–∫–æ–º–∞—Ç—É –ø–æ –º–µ—Å—Ç—É –≤—Ä–µ–º–µ–Ω–Ω–æ–π/–ø–æ—Å—Ç–æ—è–Ω–Ω–æ–π —Ä–µ–≥–∏—Å—Ç—Ä–∞—Ü–∏–∏ –∏ –ª—É—á—à–µ —Å–¥–µ–ª–∞—Ç—å —ç—Ç–æ –ø–æ—Ä–∞–Ω—å—à–µ.",NULL
10,"–í–æ–µ–Ω–Ω–∞—è –∫–∞—Ñ–µ–¥—Ä–∞","–û—Ç–±–æ—Ä –Ω–∞ –≤–æ–µ–Ω–Ω—É—é –∫–∞—Ñ–µ–¥—Ä—É","–†–µ–π—Ç–∏–Ω–≥–æ–≤–∞—è —Ç–∞–±–ª–∏—Ü–∞ –¥–ª—è –æ—Ç–±–æ—Ä–∞ –Ω–∞ –≤–æ–µ–Ω–Ω—É—é –∫–∞—Ñ–µ–¥—Ä—É —Å–æ—Å—Ç–∞–≤–ª—è–µ—Ç—Å—è –Ω–∞ –æ—Å–Ω–æ–≤–µ —Å—Ä–µ–¥–Ω–µ–≥–æ –±–∞–ª–ª–∞ –æ–±—É—á–∞—é—â–µ–≥–æ—Å—è, –∞ —Ç–∞–∫–∂–µ –ø–æ —Ä–µ–∑—É–ª—å—Ç–∞—Ç–∞–º —Å–¥–∞—á–∏ —Å–ª–µ–¥—É—é—â–∏—Ö –Ω–æ—Ä–º–∞—Ç–∏–≤–æ–≤:
üîπ –ø–æ–¥—Ç—è–≥–∏–≤–∞–Ω–∏—è;
üîπ –±–µ–≥ 100 –º;
üîπ –±–µ–≥ 3 –∫–º.

–î–æ–ø–æ–ª–Ω–∏—Ç–µ–ª—å–Ω–æ –ø—Ä–∏ —Å–æ—Å—Ç–∞–≤–ª–µ–Ω–∏–∏ —Ä–µ–π—Ç–∏–Ω–≥–∞ –≤–∫–ª—é—á–∞—é—Ç —Ä–µ–∑—É–ª—å—Ç–∞—Ç—ã –ø—Å–∏—Ö–æ–ª–æ–≥–∏—á–µ—Å–∫–æ–≥–æ —Ç–µ—Å—Ç–∞, –∫–æ—Ç–æ—Ä—ã–π –ø—Ä–æ–≤–æ–¥–∏—Ç—Å—è –≤–æ –≤—Ä–µ–º—è –º–µ–¥–∫–æ–º–∏—Å—Å–∏–∏ –≤ –≤–æ–µ–Ω–∫–æ–º–∞—Ç–µ.
",NULL
11,"–í–æ–µ–Ω–Ω–∞—è –∫–∞—Ñ–µ–¥—Ä–∞","–ü–æ–¥–∞—á–∞ –¥–æ–∫—É–º–µ–Ω—Ç–æ–≤","–î–ª—è –∫–∞–∂–¥–æ–≥–æ —Ñ–∞–∫—É–ª—å—Ç–µ—Ç–∞ —É—Å—Ç–∞–Ω–∞–≤–ª–∏–≤–∞—é—Ç—Å—è —Å–≤–æ–∏ –¥–∞—Ç—ã –ø–æ–¥–∞—á–∏ –¥–æ–∫—É–º–µ–Ω—Ç–æ–≤. –í –¥–µ–∫–∞–±—Ä–µ –Ω–∞ —Å—Ç—É–¥–µ–Ω—á–µ—Å–∫—É—é –ø–æ—á—Ç—É (s******@stud.spmi.ru, –ø–æ—è–≤–∏—Ç—Å—è —É –∫–∞–∂–¥–æ–≥–æ —Å—Ç—É–¥–µ–Ω—Ç–∞ –≤ –Ω–∞—á–∞–ª–µ –ø–µ—Ä–≤–æ–≥–æ —Å–µ–º–µ—Å—Ç—Ä–∞) –≤—ã—Å—ã–ª–∞–µ—Ç—Å—è —Ñ–∞–π–ª –æ—Ç –í–æ–µ–Ω–Ω–æ–≥–æ —É—á–µ–±–Ω–æ–≥–æ —Ü–µ–Ω—Ç—Ä–∞ (–í–£–¶) —Å –ø–æ—Å–ª–µ–¥–æ–≤–∞—Ç–µ–ª—å–Ω–æ—Å—Ç—å—é –¥–µ–π—Å—Ç–≤–∏–π –∏ —Å—Ä–æ–∫–∞–º–∏.

–°–∞–º–∞ –ø–æ–¥–∞—á–∞ –¥–æ–∫—É–º–µ–Ω—Ç–æ–≤ —Å–æ—Å—Ç–æ–∏—Ç—Å—è –≤–æ –≤—Ç–æ—Ä–æ–º —Å–µ–º–µ—Å—Ç—Ä–µ –ø–æ—Å–ª–µ –Ω–æ–≤–æ–≥–æ–¥–Ω–µ–π —Å–µ—Å—Å–∏–∏. –°—Ç–æ–∏—Ç –ø—Ä–∏–¥–µ—Ä–∂–∏–≤–∞—Ç—å—Å—è —É—Å—Ç–∞–Ω–æ–≤–ª–µ–Ω–Ω—ã—Ö —Å—Ä–æ–∫–æ–≤ –ø–æ–¥–∞—á–∏ –¥–æ–∫—É–º–µ–Ω—Ç–æ–≤, —á—Ç–æ–±—ã –≤ –ø–æ—Å–ª–µ–¥–Ω–∏–π –¥–µ–Ω—å –Ω–µ —Å–æ–∑–¥–∞–≤–∞–ª–∞—Å—å –æ—á–µ—Ä–µ–¥—å –Ω–∞ –∫–∞—Ñ–µ–¥—Ä–µ. 

–î–æ —Ç–æ–≥–æ, –∫–∞–∫ –ø–æ–¥–∞–≤–∞—Ç—å –∑–∞—è–≤–ª–µ–Ω–∏–µ –Ω–∞ –≤–æ–µ–Ω–Ω—É—é –∫–∞—Ñ–µ–¥—Ä—É, –Ω–µ–æ–±—Ö–æ–¥–∏–º–æ –ø–æ–ª—É—á–∏—Ç—å –æ—Ç—Å—Ä–æ—á–∫—É –≤ –≤–æ–µ–Ω–∫–æ–º–∞—Ç–µ ‚Äì –ø—Ä–∏–π—Ç–∏ –≤ –í–£–¶ –≤ –£–¶ ‚Ññ1 –∏ –∑–∞–∫–∞–∑–∞—Ç—å –ø—Ä–∏–ª–æ–∂–µ–Ω–∏–µ ‚Ññ2, —Å –∫–æ—Ç–æ—Ä—ã–º –ø–æ—Å–ª–µ –ø–æ—Å—Ç–∞–Ω–æ–≤–∫–∏ –Ω–∞ —É—á—ë—Ç –Ω—É–∂–Ω–æ –ø–æ–¥–æ–π—Ç–∏ –≤ –≤–æ–µ–Ω–∫–æ–º–∞—Ç.
",NULL
12,"–í–æ–µ–Ω–Ω–∞—è –∫–∞—Ñ–µ–¥—Ä–∞","–û–±—É—á–µ–Ω–∏–µ","–í —Å–≤—è–∑–∏ —Å —É—á–∞—Å—Ç–∏–µ–º —É–Ω–∏–≤–µ—Ä—Å–∏—Ç–µ—Ç–∞ –≤ –ø–∏–ª–æ—Ç–Ω–æ–º –ø—Ä–æ–µ–∫—Ç–µ –ø–æ —Ä–µ—Ñ–æ—Ä–º–µ –≤—ã—Å—à–µ–≥–æ –æ–±—Ä–∞–∑–æ–≤–∞–Ω–∏—è –∏–Ω—Ñ–æ—Ä–º–∞—Ü–∏—è –º–æ–∂–µ—Ç –∏–∑–º–µ–Ω–∏—Ç—å—Å—è.

–†–∞–Ω–µ–µ, —Å—Ç—É–¥–µ–Ω—Ç—ã –±–∞–∫–∞–ª–∞–≤—Ä–∏–∞—Ç–∞ –ø—Ä–æ—Ö–æ–¥–∏–ª–∏ –æ–±—É—á–µ–Ω–∏–µ –Ω–∞ 2-3 –∫—É—Ä—Å–∞—Ö, —Å–ø–µ—Ü–∏–∞–ª–∏—Ç–µ—Ç–∞ ‚Äì –Ω–∞ 2-4 –∫—É—Ä—Å–∞—Ö. –£ –ø–æ—Å–ª–µ–¥–Ω–∏—Ö –∑–∞–Ω—è—Ç–∏—è –ø—Ä–æ—Ö–æ–¥—è—Ç –≤ 3–µ–º —Å–µ–º–µ—Å—Ç—Ä–µ —Ä–∞–∑ –≤ –Ω–µ–¥–µ–ª—é –≤ —Å—É–±–±–æ—Ç—É, –∞, –Ω–∞—á–∏–Ω–∞—è —Å 4–æ–≥–æ —Å–µ–º–µ—Å—Ç—Ä–∞, –∫–∞–∫ —É –≤—Å–µ—Ö ‚Äì –≤ –æ–¥–∏–Ω –∏–∑ –±—É–¥–Ω–∏—Ö –¥–Ω–µ–π —Å 8:30 –¥–æ 16:30. –£ –æ—Å—Ç–∞–ª—å–Ω–æ–π –≥—Ä—É–ø–ø—ã –ø–æ —É—Å–º–æ—Ç—Ä–µ–Ω–∏—é –¥–µ–∫–∞–Ω–∞—Ç–∞ –≤ —ç—Ç–æ—Ç –¥–µ–Ω—å –º–æ–∂–µ—Ç –±—ã—Ç—å –ª–∏–±–æ –≤—ã—Ö–æ–¥–Ω–æ–π, –ª–∏–±–æ –ª–∞–±–æ—Ä–∞—Ç–æ—Ä–Ω—ã–µ –∏ –ø—Ä–∞–∫—Ç–∏—á–µ—Å–∫–∏–µ —Ä–∞–±–æ—Ç—ã, –ø–æ–¥—Ä–∞–∑—É–º–µ–≤–∞—é—â–∏–µ —Ä–∞–∑–¥–µ–ª–µ–Ω–∏–µ –æ—Å–Ω–æ–≤–Ω–æ–π –≥—Ä—É–ø–ø—ã –Ω–∞ –ø–æ–¥–≥—Ä—É–ø–ø—ã.
",NULL
13,"–í–æ–µ–Ω–Ω–∞—è –∫–∞—Ñ–µ–¥—Ä–∞","–õ–µ—Ç–Ω—è—è –ø—Ä–∞–∫—Ç–∏–∫–∞","–ù–∞ –ø—Ä–æ—Ç—è–∂–µ–Ω–∏–∏ –æ–±—É—á–µ–Ω–∏—è –Ω–∞ –≤–æ–µ–Ω–Ω–æ–π –∫–∞—Ñ–µ–¥—Ä–µ –ª–µ—Ç–Ω–µ–π –ø—Ä–∞–∫—Ç–∏–∫–∏ –Ω–µ—Ç, –Ω–æ –ø–æ –æ–∫–æ–Ω—á–∞–Ω–∏–∏ —Å—Ç—É–¥–µ–Ω—Ç—ã –¥–æ–ª–∂–Ω—ã –ø—Ä–æ–π—Ç–∏ ¬´–ø–æ–ª–µ–≤—É—é¬ª –ø—Ä–∞–∫—Ç–∏–∫—É –≤ –¥–µ–π—Å—Ç–≤—É—é—â–µ–π —á–∞—Å—Ç–∏ - —Å–±–æ—Ä—ã. –¢–∞–∫ –∫–∞–∫ –¥–∞—Ç—ã —Å–±–æ—Ä–æ–≤ –∑–∞—á–∞—Å—Ç—É—é –Ω–∞–∫–ª–∞–¥—ã–≤–∞—é—Ç—Å—è –Ω–∞ –¥–∞—Ç—ã –ª–µ—Ç–Ω–µ–π –ø—Ä–æ–∏–∑–≤–æ–¥—Å—Ç–≤–µ–Ω–Ω–æ–π –ø—Ä–∞–∫—Ç–∏–∫–∏ –æ—Ç —É–Ω–∏–≤–µ—Ä—Å–∏—Ç–µ—Ç–∞, –¥–∞—Ç—ã –ø–æ—Å–ª–µ–¥–Ω–µ–π —Å–¥–≤–∏–≥–∞—é—Ç—Å—è, –∏ –æ–Ω–∞ –ø—Ä–æ–≤–æ–¥–∏—Ç—Å—è –ø–æ—Å–ª–µ —Å–±–æ—Ä–æ–≤.",NULL
14,"–í–æ–µ–Ω–Ω–∞—è –∫–∞—Ñ–µ–¥—Ä–∞","–í–æ–µ–Ω–Ω—ã–π –±–∏–ª–µ—Ç","–ü—Ä–æ—Ö–æ–¥–∏—Ç—å —Å–ª—É–∂–±—É –≤ –∞—Ä–º–∏–∏ –ø–æ—Å–ª–µ —É—Å–ø–µ—à–Ω–æ–≥–æ –æ–∫–æ–Ω—á–∞–Ω–∏—è –≤–æ–µ–Ω–Ω–æ–π –∫–∞—Ñ–µ–¥—Ä—ã –Ω–µ –Ω—É–∂–Ω–æ. –ü–æ –æ–∫–æ–Ω—á–∞–Ω–∏–∏ –æ–±—É—á–µ–Ω–∏—è –±—É–¥–µ—Ç –ø–æ–ª—É—á–µ–Ω –≤–æ–µ–Ω–Ω—ã–π –±–∏–ª–µ—Ç —Å –¥–æ–ª–∂–Ω–æ—Å—Ç—å—é —Å–µ—Ä–∂–∞–Ω—Ç–∞ –∑–∞–ø–∞—Å–∞ (–±–∞–∫–∞–ª–∞–≤—Ä–∏–∞—Ç) –∏–ª–∏ –ª–µ–π—Ç–µ–Ω–∞–Ω—Ç–∞ –∑–∞–ø–∞—Å–∞ (—Å–ø–µ—Ü–∏–∞–ª–∏—Ç–µ—Ç), –æ–¥–Ω–∞–∫–æ –º–æ–≥—É—Ç –ø—Ä–∏–∑–≤–∞—Ç—å –≤ –∞—Ä–º–∏—é –≤ –ø–æ–ª—É—á–µ–Ω–Ω–æ–º –∑–≤–∞–Ω–∏–∏, –∞ –Ω–µ —Ä—è–¥–æ–≤–æ–≥–æ —Å–æ–ª–¥–∞—Ç–∞. –¢–∞–∫–∏–µ —Å–ª—É—á–∞–∏ —Ä–µ–¥–∫–∏, –Ω–æ –∏–º–µ—é—Ç –º–µ—Å—Ç–æ. –í–æ–µ–Ω–Ω—ã–π –±–∏–ª–µ—Ç –≤—ã–¥–∞—ë—Ç—Å—è –≤–º–µ—Å—Ç–µ —Å –¥–∏–ø–ª–æ–º–æ–º –æ –ø–æ–ª—É—á–µ–Ω–Ω–æ–º –æ–±—Ä–∞–∑–æ–≤–∞–Ω–∏–∏.",NULL
15,"–û–±—â–µ–∂–∏—Ç–∏—è","–ù–µ–æ–±—Ö–æ–¥–∏–º—ã–µ –¥–æ–∫—É–º–µ–Ω—Ç—ã","–î–æ–∫—É–º–µ–Ω—Ç—ã, –∫–æ—Ç–æ—Ä—ã–µ –º–æ–≥—É—Ç –ø–æ–Ω–∞–¥–æ–±–∏—Ç—å—Å—è –¥–ª—è –∑–∞—Å–µ–ª–µ–Ω–∏—è –≤ –æ–±—â–µ–∂–∏—Ç–∏—è:
üîπ –Ω–∞–ø—Ä–∞–≤–ª–µ–Ω–∏–µ –≤ –æ–±—â–µ–∂–∏—Ç–∏–µ –≤ —Å–æ–æ—Ç–≤–µ—Ç—Å—Ç–≤–∏–∏ —Å —Ä–µ—à–µ–Ω–∏–µ–º –ö–æ–º–∏—Å—Å–∏–∏ (–∫ –º–æ–º–µ–Ω—Ç—É –∑–∞—Å–µ–ª–µ–Ω–∏—è –æ–±—ã—á–Ω–æ —É–∂–µ –Ω–∞—Ö–æ–¥–∏—Ç—Å—è –≤ –æ–±—â–µ–∂–∏—Ç–∏–∏ —É –∫–æ–º–µ–Ω–¥–∞–Ω—Ç–∞);
üîπ –ø–∞—Å–ø–æ—Ä—Ç –∏ –¥–æ–ø–æ–ª–Ω–∏—Ç–µ–ª—å–Ω–æ –∫–æ–ø–∏—è –ø–∞—Å–ø–æ—Ä—Ç–∞;
üîπ –¥–≤–µ —Ñ–æ—Ç–æ–≥—Ä–∞—Ñ–∏–∏ 3—Ö4 —Å–º;
üîπ –∫–æ–ø–∏—è –º–µ–¥–∏—Ü–∏–Ω—Å–∫–æ–π —Å–ø—Ä–∞–≤–∫–∏ –¥–ª—è –±–µ–ª—å–µ–≤–æ–≥–æ —Å–∫–ª–∞–¥–∞ (–≤—ã–¥–∞–¥—É—Ç –ø—Ä–∏ –ø—Ä–µ–¥–æ—Å—Ç–∞–≤–ª–µ–Ω–∏–∏ —Å–ø—Ä–∞–≤–∫–∏ 0-86—É –≤ –º–µ–¥–ø—É–Ω–∫—Ç —É–Ω–∏–≤–µ—Ä—Å–∏—Ç–µ—Ç–∞);
üîπ –∫–≤–∏—Ç–∞–Ω—Ü–∏—è –æ–± –æ–ø–ª–∞—Ç–µ –æ–±—â–µ–∂–∏—Ç–∏—è;
üîπ –¥–ª—è –≥—Ä–∞–∂–¥–∞–Ω, –ø–æ–¥–ª–µ–∂–∞—â–∏—Ö –ø—Ä–∏–∑—ã–≤—É, - —É–¥–æ—Å—Ç–æ–≤–µ—Ä–µ–Ω–∏–µ –≥—Ä–∞–∂–¥–∞–Ω–∏–Ω–∞, –ø–æ–¥–ª–µ–∂–∞—â–µ–≥–æ –ø—Ä–∏–∑—ã–≤—É –Ω–∞ –≤–æ–µ–Ω–Ω—É—é —Å–ª—É–∂–±—É (–ø—Ä–∏–ø–∏—Å–Ω–æ–µ —Å–≤–∏–¥–µ—Ç–µ–ª—å—Å—Ç–≤–æ);
üîπ –¥–ª—è –Ω–µ—Å–æ–≤–µ—Ä—à–µ–Ω–Ω–æ–ª–µ—Ç–Ω–∏—Ö ‚Äì —Å–æ–≥–ª–∞—Å–∏–µ –æ–¥–Ω–æ–≥–æ –∏–∑ —Ä–æ–¥–∏—Ç–µ–ª–µ–π –Ω–∞ –ø—Ä–æ–∂–∏–≤–∞–Ω–∏–µ –∏ —Ä–µ–≥–∏—Å—Ç—Ä–∞—Ü–∏—é –ø–æ –º–µ—Å—Ç—É –ø—Ä–µ–±—ã–≤–∞–Ω–∏—è.

–° –ø–æ—Ä—è–¥–∫–æ–º –æ–ø–ª–∞—Ç—ã –æ–±—â–µ–∂–∏—Ç–∏–π –º–æ–∂–Ω–æ –æ–∑–Ω–∞–∫–æ–º–∏—Ç—å—Å—è –Ω–∞ —Å–∞–π—Ç–µ:
üåê https://spmi.ru/poradok-oplaty-obsezitia.
",NULL
16,"–û–±—â–µ–∂–∏—Ç–∏—è","–û–±—â–µ–∂–∏—Ç–∏–µ ‚Ññ1","–ê–¥—Ä–µ—Å: –ú–∞–ª—ã–π –ø—Ä–æ—Å–ø–µ–∫—Ç –í.–û., –¥. 38-40/73, –ª–∏—Ç. –ê.

–£–¥–æ–±—Å—Ç–≤–∞ –æ–±—â–µ–∂–∏—Ç–∏—è:
üîπ –∫—É—Ö–Ω–∏ ‚Äì –Ω–∞ –∫–∞–∂–¥–æ–º —ç—Ç–∞–∂–µ;
üîπ –∫–æ–º–Ω–∞—Ç–∞ –æ—Ç–¥—ã—Ö–∞;
üîπ –∫—Ä—É–≥–ª–æ—Å—É—Ç–æ—á–Ω–∞—è —É—á–µ–±–Ω–∞—è –∫–æ–º–Ω–∞—Ç–∞;
üîπ —Ç—Ä–µ–Ω–∞–∂—ë—Ä–Ω—ã–π –∑–∞–ª;
üîπ –ø—Ä–∞—á–µ—á–Ω–∞—è —Å–∞–º–æ–æ–±—Å–ª—É–∂–∏–≤–∞–Ω–∏—è.

–í –æ–±—â–µ–∂–∏—Ç–∏–µ –º–æ–∂–Ω–æ –ø—Ä–æ–≤–µ—Å—Ç–∏ –≥–æ—Å—Ç—è. –î–ª—è —ç—Ç–æ–≥–æ –Ω–µ–æ–±—Ö–æ–¥–∏–º–æ –ª–∏–±–æ –Ω–∞–ø–∏—Å–∞—Ç—å –∑–∞—è–≤–ª–µ–Ω–∏–µ –Ω–∞ –≤–Ω–æ—Å —á–µ–ª–æ–≤–µ–∫–∞ –≤ –µ–¥–∏–Ω—É—é –±–∞–∑—É –≥–æ—Å—Ç–µ–π, –ª–∏–±–æ –≤—ã–ø–∏—Å–∞—Ç—å –ø—Ä–æ–ø—É—Å–∫ —É –∫–æ–º–µ–Ω–¥–∞–Ω—Ç–∞. –ï—Å–ª–∏ —Å—Ç—É–¥–µ–Ω—Ç-–≥–æ—Ä–Ω—è–∫ –≤–Ω–µ—Å—ë–Ω –≤ –±–∞–∑—É –≥–æ—Å—Ç–µ–π, –µ–≥–æ –º–æ–≥—É—Ç –ø—Ä–æ–ø—É—Å—Ç–∏—Ç—å, –µ—Å–ª–∏ –æ—Ç–¥–∞—Ç—å –æ–±–µ —á–∏–ø-–∫–∞—Ä—Ç—ã –Ω–∞ –ø–æ—Å—Ç—É –æ—Ö—Ä–∞–Ω—ã. 
–ß–ª–µ–Ω—ã —Å–µ–º—å–∏ –º–æ–≥—É—Ç —Å–≤–æ–±–æ–¥–Ω–æ –ø–æ—Å–µ—â–∞—Ç—å –æ–±—â–µ–∂–∏—Ç–∏–µ, –Ω—É–∂–Ω–æ –ª–∏—à—å –ø–æ–∫–∞–∑–∞—Ç—å –∏—Ö –ø–∞—Å–ø–æ—Ä—Ç –∏ –æ—Å—Ç–∞–≤–∏—Ç—å —Å–≤–æ—é —á–∏–ø-–∫–∞—Ä—Ç—É —É –æ—Ö—Ä–∞–Ω–Ω–∏–∫–æ–≤. –†–æ–¥–∏—Ç–µ–ª–∏ –º–æ–≥—É—Ç –æ—Å—Ç–∞—Ç—å—Å—è –≤ –æ–±—â–µ–∂–∏—Ç–∏–∏ –ø—Ä–∏ —Å–æ–≥–ª–∞—Å–∏–∏ –ø—Ä–æ–∂–∏–≤–∞—é—â–∏—Ö –≤ –∫–æ–º–Ω–∞—Ç–µ –∏ –∑–∞ –¥–æ–ø–æ–ª–Ω–∏—Ç–µ–ª—å–Ω—É—é –ø–ª–∞—Ç—É.
–í—Ä–µ–º—è –ø–æ—Å–µ—â–µ–Ω–∏—è –≥–æ—Å—Ç–µ–π: 10:00 ‚Äì 22:00.
",NULL
17,"–û–±—â–µ–∂–∏—Ç–∏—è","–û–±—â–µ–∂–∏—Ç–∏–µ ‚Ññ2","–ê–¥—Ä–µ—Å: —É–ª. –®–∫–∏–ø–µ—Ä—Å–∫–∏–π –ø—Ä–æ—Ç–æ–∫, –¥. 5.

–£–¥–æ–±—Å—Ç–≤–∞ –æ–±—â–µ–∂–∏—Ç–∏—è:
üîπ –∫—É—Ö–Ω–∏ ‚Äì –Ω–∞ –∫–∞–∂–¥–æ–º —ç—Ç–∞–∂–µ;
üîπ –∫—Ä—É–≥–ª–æ—Å—É—Ç–æ—á–Ω–∞—è —É—á–µ–±–Ω–∞—è –∫–æ–º–Ω–∞—Ç–∞;
üîπ —Ç—Ä–µ–Ω–∞–∂—ë—Ä–Ω—ã–π –∑–∞–ª;
üîπ –ø—Ä–∞—á–µ—á–Ω–∞—è —Å–∞–º–æ–æ–±—Å–ª—É–∂–∏–≤–∞–Ω–∏—è;
üîπ –∫–∞—Ñ–µ;
üîπ –¥—É—à–µ–≤—ã–µ –∏ —Å–∞–Ω—É–∑–ª—ã –æ–±—â–µ–≥–æ –ø–æ–ª—å–∑–æ–≤–∞–Ω–∏—è.

–í –æ–±—â–µ–∂–∏—Ç–∏–µ —Ä–∞–∑—Ä–µ—à—ë–Ω –≤—Ö–æ–¥ —Ç–æ–ª—å–∫–æ –¥–ª—è —Ä–æ–¥—Å—Ç–≤–µ–Ω–Ω–∏–∫–æ–≤, –¥—Ä—É–∑–µ–π –ø—Ä–æ–≤–µ—Å—Ç–∏, –∫ —Å–æ–∂–∞–ª–µ–Ω–∏—é, –Ω–µ–ª—å–∑—è. –ü—Ä–æ–ø—É—Å–∫ —Å–æ–≥–ª–∞—Å–æ–≤—ã–≤–∞–µ—Ç—Å—è —Å –∫–æ–º–µ–Ω–¥–∞–Ω—Ç–æ–º –∏ –æ—Å—É—â–µ—Å—Ç–≤–ª—è–µ—Ç—Å—è –ø–æ –ø–∞—Å–ø–æ—Ä—Ç—É.
–í—Ä–µ–º—è –ø–æ—Å–µ—â–µ–Ω–∏—è –≥–æ—Å—Ç–µ–π: 9:00 ‚Äì 23:00.
",NULL
18,"–û–±—â–µ–∂–∏—Ç–∏—è","–û–±—â–µ–∂–∏—Ç–∏–µ ‚Ññ3","–ê–¥—Ä–µ—Å: —É–ª–∏—Ü–∞ –ù–∞–ª–∏—á–Ω–∞—è, –¥. 46, –∫–æ—Ä–ø.1 –∏ –∫–æ—Ä–ø. 2.

–£–¥–æ–±—Å—Ç–≤–∞ –æ–±—â–µ–∂–∏—Ç–∏—è:
üîπ –∫—É—Ö–Ω–∏ ‚Äì –Ω–∞ –∫–∞–∂–¥–æ–º —ç—Ç–∞–∂–µ;
üîπ –∫—Ä—É–≥–ª–æ—Å—É—Ç–æ—á–Ω—ã–µ —É—á–µ–±–Ω—ã–µ –∫–æ–º–Ω–∞—Ç—ã –ø–æ—á—Ç–∏ –Ω–∞ –∫–∞–∂–¥–æ–º —ç—Ç–∞–∂–µ;
üîπ —Ç—Ä–µ–Ω–∞–∂—ë—Ä–Ω—ã–π –∑–∞–ª;
üîπ –ø—Ä–∞—á–µ—á–Ω–∞—è —Å–∞–º–æ–æ–±—Å–ª—É–∂–∏–≤–∞–Ω–∏—è;
üîπ —Å—Ç–æ–ª–æ–≤–∞—è.

–ß—Ç–æ–±—ã –ø—Ä–∏–≤–µ—Å—Ç–∏ –∫ —Å–µ–±–µ –≥–æ—Å—Ç–µ–π, –Ω–µ–æ–±—Ö–æ–¥–∏–º–æ –Ω–∞–ø–∏—Å–∞—Ç—å –∑–∞—è–≤–ª–µ–Ω–∏–µ –Ω–∞ –ø—Ä–æ–ø—É—Å–∫ –∏ –ø–æ–¥–ø–∏—Å–∞—Ç—å –µ–≥–æ —É –∫–æ–º–µ–Ω–¥–∞–Ω—Ç–∞. –ü—Ä–æ–ø—É—Å–∫ –≤—ã–¥–∞—ë—Ç—Å—è —Ç–æ–ª—å–∫–æ –Ω–∞ –æ–¥–Ω–æ–≥–æ —á–µ–ª–æ–≤–µ–∫–∞ –∏ –¥–µ–π—Å—Ç–≤—É–µ—Ç –µ–¥–∏–Ω–æ—Ä–∞–∑–æ–≤–æ (–∏—Å–∫–ª—é—á–µ–Ω–∏–µ ‚Äì —Ä–æ–¥–∏—Ç–µ–ª–∏). –ü—Ä–æ–ø—É—Å–∫ –æ—Å—É—â–µ—Å—Ç–≤–ª—è–µ—Ç—Å—è –ø–æ –¥–æ–∫—É–º–µ–Ω—Ç—É, —É–¥–æ—Å—Ç–æ–≤–µ—Ä—è—é—â–µ–º—É –ª–∏—á–Ω–æ—Å—Ç—å, –∏–ª–∏ —á–∏–ø-–∫–∞—Ä—Ç–µ.
–í—Ä–µ–º—è –ø–æ—Å–µ—â–µ–Ω–∏—è –≥–æ—Å—Ç–µ–π: –±—É–¥–Ω–∏ 16:00 ‚Äì 22:00, –≤—ã—Ö–æ–¥–Ω—ã–µ 10:00 ‚Äì 22:00.
",NULL
19,"–û–±—â–µ–∂–∏—Ç–∏—è","–û–±—â–µ–∂–∏—Ç–∏–µ ‚Ññ4","–í –¥–∞–Ω–Ω—ã–π –º–æ–º–µ–Ω—Ç –æ–±—â–µ–∂–∏—Ç–∏–µ –Ω–∞—Ö–æ–¥–∏—Ç—Å—è –Ω–∞ —Ä–µ–º–æ–Ω—Ç–µ, –∏–Ω—Ñ–æ—Ä–º–∞—Ü–∏—è —É—Ç–æ—á–Ω—è–µ—Ç—Å—è.

",NULL
20,"–û–±—â–µ–∂–∏—Ç–∏—è","–û–±—â–µ–∂–∏—Ç–∏–µ ‚Ññ5","–í –¥–∞–Ω–Ω—ã–π –º–æ–º–µ–Ω—Ç –æ–±—â–µ–∂–∏—Ç–∏–µ –Ω–∞—Ö–æ–¥–∏—Ç—Å—è –Ω–∞ —Ä–µ–º–æ–Ω—Ç–µ, –∏–Ω—Ñ–æ—Ä–º–∞—Ü–∏—è —É—Ç–æ—á–Ω—è–µ—Ç—Å—è.

",NULL
21,"–û–±—â–µ–∂–∏—Ç–∏—è","–û–±—â–µ–∂–∏—Ç–∏–µ ‚Ññ6","–ê–¥—Ä–µ—Å: —É–ª. –®–µ–≤—á–µ–Ω–∫–æ, –¥.19, –∫–æ—Ä–ø. 2.

–£–¥–æ–±—Å—Ç–≤–∞ –æ–±—â–µ–∂–∏—Ç–∏—è:
üîπ –∫—É—Ö–Ω–∏ ‚Äì –Ω–∞ –∫–∞–∂–¥–æ–º —ç—Ç–∞–∂–µ, –∫—Ä–æ–º–µ –ø–µ—Ä–≤–æ–≥–æ;
üîπ –ø—Ä–∞—á–µ—á–Ω–∞—è (–ø–æ –ø—Ä–µ–¥–≤–∞—Ä–∏—Ç–µ–ª—å–Ω–æ–π –∑–∞–ø–∏—Å–∏).

–ù–µ–±–æ–ª—å—à–æ–µ –æ–±—â–µ–∂–∏—Ç–∏–µ –Ω–∞ 5 —ç—Ç–∞–∂–µ–π. –°—á–∏—Ç–∞–µ—Ç—Å—è –≤—Ç–æ—Ä—ã–º –∫–æ—Ä–ø—É—Å–æ–º 2–æ–≥–æ –æ–±—â–µ–∂–∏—Ç–∏—è.
–í –Ω—ë–º –Ω–µ—Ç —Å–æ–±—Å—Ç–≤–µ–Ω–Ω–æ–≥–æ –∫–∞—Ñ–µ –∏–ª–∏ —Å—Ç–æ–ª–æ–≤–æ–π, –æ–¥–Ω–∞–∫–æ –≤–æ–∑–º–æ–∂–Ω–æ –ø–æ–ª—å–∑–æ–≤–∞—Ç—å—Å—è –∫–∞—Ñ–µ 2–æ–≥–æ –æ–±—â–µ–∂–∏—Ç–∏—è, —Ç–∞–∫ –∫–∞–∫ –æ–Ω–æ –Ω–∞—Ö–æ–¥–∏—Ç—Å—è –Ω–µ–¥–∞–ª–µ–∫–æ –æ—Ç 6–æ–≥–æ.
",NULL
22,"–û–±—â–µ–∂–∏—Ç–∏—è","–û–±—â–µ–∂–∏—Ç–∏–µ ‚Ññ8","–ê–¥—Ä–µ—Å: —É–ª. –ù–∞–ª–∏—á–Ω–∞—è, –¥. 10/13.

–£–¥–æ–±—Å—Ç–≤–∞ –æ–±—â–µ–∂–∏—Ç–∏—è:
üîπ –æ–±—â–∞—è –∫—É—Ö–Ω—è;
üîπ –∫—Ä—É–≥–ª–æ—Å—É—Ç–æ—á–Ω–∞—è —É—á–µ–±–Ω–∞—è –∫–æ–º–Ω–∞—Ç–∞;
üîπ —Ç—Ä–µ–Ω–∞–∂—ë—Ä–Ω—ã–π –∑–∞–ª;
üîπ –ø—Ä–∞—á–µ—á–Ω–∞—è —Å–∞–º–æ–æ–±—Å–ª—É–∂–∏–≤–∞–Ω–∏—è.

–î–ª—è –ø—Ä–æ—Ö–æ–¥–∞ –≥–æ—Å—Ç–µ–π –≤ –æ–±—â–µ–∂–∏—Ç–∏–µ –Ω–µ–æ–±—Ö–æ–¥–∏–º–æ –Ω–∞–ø–∏—Å–∞—Ç—å –∑–∞—è–≤–ª–µ–Ω–∏–µ –Ω–∞ –ø—Ä–æ–ø—É—Å–∫ –∏ –ø–æ–¥–ø–∏—Å–∞—Ç—å –µ–≥–æ —É –∫–æ–º–µ–Ω–¥–∞–Ω—Ç–∞. –ü—Ä–∏ –ø—Ä–æ—Ö–æ–¥–µ –≤ –∫–∞—á–µ—Å—Ç–≤–µ –∑–∞–ª–æ–≥–∞ –æ—Å—Ç–∞–≤–ª—è–µ—Ç—Å—è –ø–∞—Å–ø–æ—Ä—Ç –∏–ª–∏ —á–∏–ø-–∫–∞—Ä—Ç–∞.
",NULL
23,"–û–±—â–µ–∂–∏—Ç–∏—è","–û–±—â–µ–∂–∏—Ç–∏–µ ‚Ññ9","–ê–¥—Ä–µ—Å: 14-—è –ª–∏–Ω–∏—è –í.–û., –¥. 77.

–£–¥–æ–±—Å—Ç–≤–∞ –æ–±—â–µ–∂–∏—Ç–∏—è:
üîπ —É—á–µ–±–Ω–∞—è –∫–æ–º–Ω–∞—Ç–∞;
üîπ —Ç—Ä–µ–Ω–∞–∂—ë—Ä–Ω—ã–π –∑–∞–ª;
üîπ –ø—Ä–∞—á–µ—á–Ω–∞—è —Å–∞–º–æ–æ–±—Å–ª—É–∂–∏–≤–∞–Ω–∏—è;
üîπ –∫–∞—Ñ–µ.
–û–±—â–µ–∂–∏—Ç–∏–µ –∫–≤–∞—Ä—Ç–∏—Ä–Ω–æ–≥–æ —Ç–∏–ø–∞, –æ–¥–Ω–æ –∏–∑ —Å–∞–º—ã—Ö –Ω–æ–≤—ã—Ö —Å—Ä–µ–¥–∏ –≤—Å–µ—Ö –æ–±—â–µ–∂–∏—Ç–∏–π –ì–æ—Ä–Ω–æ–≥–æ —É–Ω–∏–≤–µ—Ä—Å–∏—Ç–µ—Ç–∞.
",NULL
24,"–û–±—â–µ–∂–∏—Ç–∏—è","–û–±—â–µ–∂–∏—Ç–∏–µ ‚Ññ10","–ê–¥—Ä–µ—Å: —É–ª. –ù–∞–ª–∏—á–Ω–∞—è, –¥. 24, –∫–æ—Ä–ø. 2.

–£–¥–æ–±—Å—Ç–≤–∞ –æ–±—â–µ–∂–∏—Ç–∏—è:
üîπ —Ç—Ä–µ–Ω–∞–∂—ë—Ä–Ω—ã–π –∑–∞–ª, —Ñ–∏—Ç–Ω–µ—Å –∑–∞–ª, –∫–∞—Ä–¥–∏–æ–∑–æ–Ω—ã;
üîπ –ø—Ä–∞—á–µ—á–Ω–∞—è —Å–∞–º–æ–æ–±—Å–ª—É–∂–∏–≤–∞–Ω–∏—è;
üîπ –∫–∞—Ñ–µ.

–û–±—â–µ–∂–∏—Ç–∏–µ –∫–≤–∞—Ä—Ç–∏—Ä–Ω–æ–≥–æ —Ç–∏–ø–∞, –æ–¥–Ω–æ –∏–∑ —Å–∞–º—ã—Ö –Ω–æ–≤—ã—Ö —Å—Ä–µ–¥–∏ –≤—Å–µ—Ö –æ–±—â–µ–∂–∏—Ç–∏–π –ì–æ—Ä–Ω–æ–≥–æ —É–Ω–∏–≤–µ—Ä—Å–∏—Ç–µ—Ç–∞. –ù–∞—Ö–æ–¥–∏—Ç—Å—è –≤ –Ω–µ–ø–æ—Å—Ä–µ–¥—Å—Ç–≤–µ–Ω–Ω–æ–π –±–ª–∏–∑–æ—Å—Ç–∏ –æ—Ç —É—á–µ–±–Ω–æ–≥–æ —Ü–µ–Ω—Ç—Ä–∞ ‚Ññ3, –≥–¥–µ –ø—Ä–æ—Ö–æ–¥–∏—Ç –ø–µ—Ä–≤–∞—è –ø–æ–ª–æ–≤–∏–Ω–∞ –æ–±—É—á–µ–Ω–∏—è –¥–ª—è –≤—Å–µ—Ö —Å—Ç—É–¥–µ–Ω—Ç–æ–≤.
",NULL
25,"–û–±—â–µ–∂–∏—Ç–∏—è","–ú–æ—Ä—Å–∫–æ–π –≤–æ–∫–∑–∞–ª","–ê–¥—Ä–µ—Å: —É–ª. –ü–ª–æ—â–∞–¥—å –º–æ—Ä—Å–∫–æ–π —Å–ª–∞–≤—ã, –¥. 10.

–£–¥–æ–±—Å—Ç–≤–∞ –æ–±—â–µ–∂–∏—Ç–∏—è:
üîπ –æ–±—â–∞—è –∫—É—Ö–Ω—è;
üîπ –∫–æ–º–Ω–∞—Ç–∞ –æ—Ç–¥—ã—Ö–∞;
üîπ –∫–æ–º–ø—å—é—Ç–µ—Ä–Ω—ã–π –∫–ª–∞—Å—Å.

–ü—Ä–µ–¥—Å—Ç–∞–≤–ª—è–µ—Ç –∞—Ä–µ–Ω–¥—É–µ–º—ã–π –ì–æ—Ä–Ω—ã–º —É–Ω–∏–≤–µ—Ä—Å–∏—Ç–µ—Ç–æ–º —ç—Ç–∞–∂ –≥–æ—Å—Ç–∏–Ω–∏—Ü—ã ¬´–ú–æ—Ä—Å–∫–æ–π –≤–æ–∫–∑–∞–ª¬ª.
–î–ª—è –ø—Ä–æ–ø—É—Å–∫–∞ –≥–æ—Å—Ç—è –Ω–µ–æ–±—Ö–æ–¥–∏–º–æ –ø–µ—Ä–µ–≥–æ–≤–æ—Ä–∏—Ç—å —Å –æ—Ö—Ä–∞–Ω–Ω–∏–∫–æ–º. –ü—Ä–æ–ø—É—Å–∫ –æ—Å—É—â–µ—Å—Ç–≤–ª—è–µ—Ç—Å—è –ø–æ –¥–æ–∫—É–º–µ–Ω—Ç—É, —É–¥–æ—Å—Ç–æ–≤–µ—Ä—è—é—â–µ–º—É –ª–∏—á–Ω–æ—Å—Ç—å.
",NULL
26,"–û–±—â–µ–∂–∏—Ç–∏—è","–ú–°–ì","–ê–¥—Ä–µ—Å–∞: —É–ª. –ù–æ–≤–æ–∏–∑–º–∞–π–ª–æ–≤—Å–∫–∏–π –ø—Ä., –¥. 16, –∫–æ—Ä–ø. 7 –∏ –∫–æ—Ä–ø. 9; —É–ª. –ö—É–∑–Ω–µ—Ü–æ–≤—Å–∫–∞—è, –¥. 9, –∫–æ—Ä–ø. 3.

–£–¥–æ–±—Å—Ç–≤–∞ –≥–æ—Ä–æ–¥–∫–∞:
üîπ –∫—É—Ö–Ω–∏ –Ω–∞ –∫–∞–∂–¥–æ–º —ç—Ç–∞–∂–µ;
üîπ —É—á–µ–±–Ω—ã–µ –∫–æ–º–Ω–∞—Ç—ã;
üîπ —Å–ø–æ—Ä—Ç–∏–≤–Ω—ã–π –∫–æ–º–ø–ª–µ–∫—Å (—Å–ø–æ—Ä—Ç–∏–≤–Ω—ã–π –∑–∞–ª, –±–∞—Å—Å–µ–π–Ω);
üîπ –ø—Ä–∞—á–µ—á–Ω—ã–µ;
üîπ –¥—É—à–µ–≤—ã–µ –∏ —Å–∞–Ω—É–∑–ª—ã –æ–±—â–µ–≥–æ –ø–æ–ª—å–∑–æ–≤–∞–Ω–∏—è;
üîπ –ø—Ä–æ—á–µ–µ: –±–∏–±–ª–∏–æ—Ç–µ–∫–∞, –º–∞—Å—Ç–µ—Ä—Å–∫–∞—è –ø–æ —Ä–µ–º–æ–Ω—Ç—É –∑–∞–º–∫–æ–≤/–∫–ª—é—á–µ–π/–æ–±—É–≤–∏ –∏ –¥—Ä.

–ù–µ —è–≤–ª—è–µ—Ç—Å—è –æ–±—â–µ–∂–∏—Ç–∏–µ–º –∏—Å–∫–ª—é—á–∏—Ç–µ–ª—å–Ω–æ –¥–ª—è –≥–æ—Ä–Ω—è–∫–æ–≤ ‚Äì –∑–¥–µ—Å—å –ø—Ä–æ–∂–∏–≤–∞—é—Ç —Å—Ç—É–¥–µ–Ω—Ç—ã —Å —Ä–∞–∑–Ω—ã—Ö –í–£–ó–æ–≤ –°–∞–Ω–∫—Ç-–ü–µ—Ç–µ—Ä–±—É—Ä–≥–∞.
–î–ª—è –∑–∞—Å–µ–ª–µ–Ω–∏—è –≤ –ú–µ–∂–≤—É–∑–æ–≤—Å–∫–∏–π —Å—Ç—É–¥–µ–Ω—á–µ—Å–∫–∏–π –≥–æ—Ä–æ–¥–æ–∫ (–ú–°–ì) –Ω–µ–æ–±—Ö–æ–¥–∏–º–æ –∑–∞—Ä–∞–Ω–µ–µ –∑–∞–ø–∏—Å–∞—Ç—å—Å—è –ø–æ —Ç–µ–ª–µ—Ñ–æ–Ω—É –Ω–∞ –æ–ø—Ä–µ–¥–µ–ª—ë–Ω–Ω—ã–π –¥–µ–Ω—å. –ü—Ä–∏ –∑–∞–µ–∑–¥–µ –Ω–µ–æ–±—Ö–æ–¥–∏–º–æ –ø—Ä–∏ —Å–µ–±–µ –∏–º–µ—Ç—å —Å–ª–µ–¥—É—é—â–∏–µ –¥–æ–∫—É–º–µ–Ω—Ç—ã:
1. —Å–ø—Ä–∞–≤–∫–∞ –∏–∑ —É–Ω–∏–≤–µ—Ä—Å–∏—Ç–µ—Ç–∞ —Å –≥–µ—Ä–±–æ–≤–æ–π –ø–µ—á–∞—Ç—å—é (–ì–æ—Ä–Ω—ã–π –Ω–∞–ø—Ä–∞–≤–ª—è–µ—Ç –µ—ë —Å–∞–º–æ—Å—Ç–æ—è—Ç–µ–ª—å–Ω–æ);
2. –ø–∞—Å–ø–æ—Ä—Ç –∏ –∫—Å–µ—Ä–æ–∫–æ–ø–∏—è –ø–∞—Å–ø–æ—Ä—Ç–∞ (—Å—Ç—Ä–∞–Ω–∏—Ü—ã —Å –ª–∏—á–Ω—ã–º–∏ –¥–∞–Ω–Ω—ã–º–∏ –∏ —Ä–µ–≥–∏—Å—Ç—Ä–∞—Ü–∏–µ–π);
3. –∫–æ–ø–∏—è –°–ù–ò–õ–°;
4. –Ω–æ–º–µ—Ä –ò–ù–ù;
5. —Å–ø—Ä–∞–≤–∫–∞ 086-—É;
6. —Ñ–ª—é–æ—Ä–æ–≥—Ä–∞—Ñ–∏—è + –µ—ë –∫–æ–ø–∏—è;
7. –¥–ª—è –Ω–µ—Å–æ–≤–µ—Ä—à–µ–Ω–Ω–æ–ª–µ—Ç–Ω–∏—Ö ‚Äì —Å–æ–≥–ª–∞—Å–∏–µ –Ω–∞ –∑–∞—Å–µ–ª–µ–Ω–∏–µ –æ—Ç —Ä–æ–¥–∏—Ç–µ–ª–µ–π;
8. –¥–≤–µ —Ñ–æ—Ç–æ–≥—Ä–∞—Ñ–∏–∏ 3—Ö4;
9. –∫–æ–ø–∏—è –ø—Ä–∏–≤–∏–≤–æ—á–Ω–æ–≥–æ —Å–µ—Ä—Ç–∏—Ñ–∏–∫–∞—Ç–∞/–ø–∞—Å–ø–æ—Ä—Ç–∞.

–ü–æ—Å–ª–µ –ø—Ä–æ–≤–µ—Ä–∫–∏ –¥–æ–∫—É–º–µ–Ω—Ç–æ–≤ —Å—Ç—É–¥–µ–Ω—Ç –æ—Ñ–æ—Ä–º–ª—è–µ—Ç –¥–æ–≥–æ–≤–æ—Ä –∏ –ø—Ä–æ–ø—É—Å–∫ –≤ –æ—Ç–¥–µ–ª–µ —Ä–∞–∑–º–µ—â–µ–Ω–∏—è, —É—á—ë—Ç–∞ –∏ —Ä–µ–≥–∏—Å—Ç—Ä–∞—Ü–∏–∏. –û–ø–ª–∞—Ç–∞ –ø—Ä–æ–∂–∏–≤–∞–Ω–∏—è –ø—Ä–æ–∏–∑–≤–æ–¥–∏—Ç—Å—è –ø–æ –∫–≤–∏—Ç–∞–Ω—Ü–∏–∏, –∫–æ—Ç–æ—Ä—É—é –ø—Ä–∏ –∑–∞—Å–µ–ª–µ–Ω–∏–∏ –≤—ã–¥–∞—Å—Ç –∑–∞–≤–µ–¥—É—é—â–∏–π –∏–ª–∏ –∫–æ–º–µ–Ω–¥–∞–Ω—Ç, —Å –ø–æ–º–æ—â—å—é –±–∞–Ω–∫–æ–≤—Å–∫–æ–≥–æ —Ç–µ—Ä–º–∏–Ω–∞–ª–∞ –∏–ª–∏ –º–æ–±–∏–ª—å–Ω–æ–≥–æ –±–∞–Ω–∫–∞.
–í –æ—Ç–ª–∏—á–∏–µ –æ—Ç –æ–±—â–µ–∂–∏—Ç–∏–π –ì–æ—Ä–Ω–æ–≥–æ —É–Ω–∏–≤–µ—Ä—Å–∏—Ç–µ—Ç–∞, –æ–ø–ª–∞—Ç–∞ –≤ –ú–°–ì –ø—Ä–æ–∏–∑–≤–æ–¥–∏—Ç—Å—è –¥–æ 10 —á–∏—Å–ª–∞ –∫–∞–∂–¥–æ–≥–æ –º–µ—Å—è—Ü–∞. –û–ø–ª–∞—Ç–∏—Ç—å –ø—Ä–æ–∂–∏–≤–∞–Ω–∏–µ –º–æ–∂–Ω–æ —á–µ—Ä–µ–∑ –º–æ–±–∏–ª—å–Ω—ã–π –±–∞–Ω–∫ –∏–ª–∏ —Ç–µ—Ä–º–∏–Ω–∞–ª –ø–æ –∫–≤–∏—Ç–∞–Ω—Ü–∏–∏, –∫–æ—Ç–æ—Ä—É—é –ø—Ä–∏ –∑–∞—Å–µ–ª–µ–Ω–∏–∏ –≤—ã–¥–∞—ë—Ç –∑–∞–≤–µ–¥—É—é—â–∏–π –∏–ª–∏ –∫–æ–º–µ–Ω–¥–∞–Ω—Ç.
",NULL
27,"–°—Ç–∏–ø–µ–¥–Ω–∏—è","–°–ø–æ—Å–æ–±—ã —É–≤–µ–ª–∏—á–∏—Ç—å —Å—Ç–∏–ø–µ–Ω–¥–∏—é","–£–≤–µ–ª–∏—á–∏—Ç—å —Å—Ç–∏–ø–µ–Ω–¥–∏—é –º–æ–∂–Ω–æ, —É—Å–ø–µ—à–Ω–æ –∑–∞–∫—Ä—ã–≤–∞—è —Å–µ–º–µ—Å—Ç—Ä ‚Äì –Ω–µ –ø–æ–ª—É—á–∏–≤ ¬´—É–¥–æ–≤–ª–µ—Ç–≤–æ—Ä–∏—Ç–µ–ª—å–Ω–æ¬ª –Ω–∏ –∑–∞ –æ–¥–Ω—É –∏—Ç–æ–≥–æ–≤—É—é —Ä–∞–±–æ—Ç—É –∑–∞ —Å–µ–º–µ—Å—Ç—Ä —Å—Ç–∏–ø–µ–Ω–¥–∏—è —Å–æ—Ö—Ä–∞–Ω—è–µ—Ç—Å—è, –∞ –µ—Å–ª–∏ –ø–æ–ª—É—á–∞–µ—à—å —Ö–æ—Ç—è –±—ã –æ–¥–Ω—É ¬´–æ—Ç–ª–∏—á–Ω–æ¬ª ‚Äì —Å—Ç–∏–ø–µ–Ω–¥–∏—è —Å—Ç–∞–Ω–æ–≤–∏—Ç—Å—è –µ—â—ë –±–æ–ª—å—à–µ. –°–∞–º–∞—è –±–æ–ª—å—à–∞—è –º–∏–Ω–∏–º–∞–ª—å–Ω–æ –≤–æ–∑–º–æ–∂–Ω–∞—è –∞–∫–∞–¥–µ–º–∏—á–µ—Å–∫–∞—è —Å—Ç–∏–ø–µ–Ω–¥–∏—è –≤—ã–¥–∞—ë—Ç—Å—è –∑–∞ —Å–µ—Å—Å–∏—é, –∑–∞–∫—Ä—ã—Ç—É—é –ø–æ–ª–Ω–æ—Å—Ç—å—é –Ω–∞ ¬´–æ—Ç–ª–∏—á–Ω–æ¬ª.
–ü–æ–º–∏–º–æ —Å–¥–∞—á–∏ —ç–∫–∑–∞–º–µ–Ω–æ–≤ –Ω–∞ —Ö–æ—Ä–æ—à–∏–π —Ä–µ–∑—É–ª—å—Ç–∞—Ç, –Ω–∞ —Ä–∞–∑–º–µ—Ä —Å—Ç–∏–ø–µ–Ω–¥–∏–∏ –≤–ª–∏—è–µ—Ç –µ—â—ë –∏ —É—á–∞—Å—Ç–∏–µ —Å—Ç—É–¥–µ–Ω—Ç–∞ –≤ —Ç–∞–∫–∏—Ö –Ω–∞–ø—Ä–∞–≤–ª–µ–Ω–∏—è—Ö —É–Ω–∏–≤–µ—Ä—Å–∏—Ç–µ—Ç–∞, –∫–∞–∫ –Ω–∞—É—á–Ω–∞—è, –∞–∫—Ç–∏–≤–Ω–∞—è –∏ —Å–ø–æ—Ä—Ç–∏–≤–Ω–∞—è –¥–µ—è—Ç–µ–ª—å–Ω–æ—Å—Ç–∏. –ù–µ –∑–∞–ø—Ä–µ—â–∞–µ—Ç—Å—è –∏ –æ–¥–Ω–æ–≤—Ä–µ–º–µ–Ω–Ω–æ –∑–∞–Ω–∏–º–∞—Ç—å—Å—è –Ω–µ—Å–∫–æ–ª—å–∫–∏–º–∏ –≤–∏–¥–∞–º–∏ –≤–Ω–µ—É—á–µ–±–Ω–æ–π –¥–µ—è—Ç–µ–ª—å–Ω–æ—Å—Ç–∏. –û–¥–Ω–∞–∫–æ –ø–æ–≤—ã—à–µ–Ω–Ω—É—é —Å—Ç–∏–ø–µ–Ω–¥–∏—é –º–æ–∂–Ω–æ –ø–æ–ª—É—á–∞—Ç—å —Ç–æ–ª—å–∫–æ —Å–æ 2–æ–≥–æ –∫—É—Ä—Å–∞ –æ–±—É—á–µ–Ω–∏—è.

",NULL
28,"–°—Ç–∏–ø–µ–Ω–¥–∏—è","–ü–æ—Ç–µ—Ä—è —Å—Ç–∏–ø–µ–Ω–¥–∏–∏","–°—Ç–∏–ø–µ–Ω–¥–∏—è –≤—ã–ø–ª–∞—á–∏–≤–∞–µ—Ç—Å—è –≤ —Ç–µ—á–µ–Ω–∏–µ –æ–¥–Ω–æ–≥–æ —Å–µ–º–µ—Å—Ç—Ä–∞ ‚Äì –æ—Ç –Ω–∞—á–∞–ª–∞ –æ–±—É—á–µ–Ω–∏—è –ø–æ—Å–ª–µ –∫–∞–Ω–∏–∫—É–ª –¥–æ –æ–∫–æ–Ω—á–∞–Ω–∏—è —Å–µ—Å—Å–∏–∏. –ì–ª–∞–≤–Ω–∞—è –ø—Ä–∏—á–∏–Ω–∞ –ø–æ—Ç–µ—Ä–∏ —Å—Ç–∏–ø–µ–Ω–¥–∏–∏: —Å–¥–∞—á–∞ –æ–¥–Ω–æ–≥–æ –∏–∑ —ç–∫–∑–∞–º–µ–Ω–æ–≤, –¥–∏—Ñ—Ñ–µ—Ä–µ–Ω—Ü–∏—Ä–æ–≤–∞–Ω–Ω—ã—Ö –∑–∞—á—ë—Ç–æ–≤, –∫—É—Ä—Å–æ–≤–æ–≥–æ –ø—Ä–æ–µ–∫—Ç–∞ –∏–ª–∏ –∑–∞—â–∏—Ç—ã –ø—Ä–∞–∫—Ç–∏–∫–∏ –Ω–∞ ¬´—É–¥–æ–≤–ª–µ—Ç–≤–æ—Ä–∏—Ç–µ–ª—å–Ω–æ¬ª. –°—Ç–æ–∏—Ç –æ—Ç–º–µ—Ç–∏—Ç—å, —á—Ç–æ –≤–µ—Ä–Ω—É—Ç—å—Å—è –Ω–∞ —Å—Ç–∏–ø–µ–Ω–¥–∏—é –º–æ–∂–Ω–æ —Ç–æ–ª—å–∫–æ —Å–æ —Å–ª–µ–¥—É—é—â–µ–≥–æ —Å–µ–º–µ—Å—Ç—Ä–∞ –ø–æ –∏—Ç–æ–≥–∞–º —Å–µ—Å—Å–∏–∏.
–ü–æ–¥—Ä–æ–±–Ω–µ–µ —Å —Ä–∞–∑–º–µ—Ä–∞–º–∏ —Å—Ç–∏–ø–µ–Ω–¥–∏–π –º–æ–∂–Ω–æ –æ–∑–Ω–∞–∫–æ–º–∏—Ç—å—Å—è –≤ ¬´–ü—Ä–∏–∫–∞–∑–µ –æ–±—Ä–∞–∑–æ–≤–∞—Ç–µ–ª—å–Ω–æ–π –æ—Ä–≥–∞–Ω–∏–∑–∞—Ü–∏–∏ –æ–± —É—Å—Ç–∞–Ω–æ–≤–ª–µ–Ω–∏–∏ —Å—Ç–∏–ø–µ–Ω–¥–∏–∏¬ª –Ω–∞ —Å–∞–π—Ç–µ:
üåê https://spmi.ru/sveden/grants 
",NULL
29,"–°—Ç–∏–ø–µ–Ω–¥–∏—è","–°–æ—Ü–∏–∞–ª—å–Ω–∞—è —Å—Ç–∏–ø–µ–Ω–¥–∏—è","–°–æ—Ü–∏–∞–ª—å–Ω–∞—è —Å—Ç–∏–ø–µ–Ω–¥–∏—è –≤—ã–ø–ª–∞—á–∏–≤–∞–µ—Ç—Å—è –Ω–µ –≤—Å–µ–º —Å—Ç—É–¥–µ–Ω—Ç–∞–º, –∞ –ª–∏—à—å —Ç–µ–º, –∫—Ç–æ –ø–æ–¥—Ö–æ–¥–∏—Ç –ø–æ–¥ —Å–ª–µ–¥—É—é—â–∏–µ –∫–∞—Ç–µ–≥–æ—Ä–∏–∏:
üîπ –∏–Ω–≤–∞–ª–∏–¥—ã I, II –≥—Ä—É–ø–ø;
üîπ —Å–∏—Ä–æ—Ç—ã –∏ –¥–µ—Ç–∏, –ª–∏—à–µ–Ω–Ω—ã–µ —Ä–æ–¥–∏—Ç–µ–ª—å—Å–∫–æ–≥–æ –ø–æ–ø–µ—á–∏—Ç–µ–ª—å—Å—Ç–≤–∞ (–¥–æ –¥–æ—Å—Ç–∏–∂–µ–Ω–∏—è –∏–º–∏ 23 –ª–µ—Ç);
üîπ –∏–Ω–≤–∞–ª–∏–¥—ã –∏ –≤–µ—Ç–µ—Ä–∞–Ω—ã –±–æ–µ–≤—ã—Ö –¥–µ–π—Å—Ç–≤–∏–π;
üîπ –ª–∏—Ü–∞, –ø–æ—Å—Ç—Ä–∞–¥–∞–≤—à–∏–µ –æ—Ç –≤–æ–∑–¥–µ–π—Å—Ç–≤–∏—è —Ä–∞–¥–∏–∞—Ü–∏–æ–Ω–Ω—ã—Ö –∫–∞—Ç–∞—Å—Ç—Ä–æ—Ñ;
üîπ –ª–∏—Ü–∞, –¥–æ—Ö–æ–¥ —Å–µ–º–µ–π –∫–æ—Ç–æ—Ä—ã—Ö –æ–ø—Ä–µ–¥–µ–ª—è–µ—Ç—Å—è —Ä–∞–∑–º–µ—Ä–æ–º –Ω–∏–∂–µ –ø—Ä–æ–∂–∏—Ç–æ—á–Ω–æ–≥–æ –º–∏–Ω–∏–º—É–º–∞.

–î–∞–Ω–Ω–∞—è —Å—Ç–∏–ø–µ–Ω–¥–∏—è –∏–¥—ë—Ç –≤ –ø–ª—é—Å –∫ –æ–±—ã—á–Ω–æ–π –∏ –≤—ã–ø–ª–∞—á–∏–≤–∞–µ—Ç—Å—è –¥–∞–∂–µ —Ç–æ–≥–¥–∞, –∫–æ–≥–¥–∞ —Å—Ç—É–¥–µ–Ω—Ç —Å–ª–µ—Ç–µ–ª —Å–æ —Å—Ç–∏–ø–µ–Ω–¥–∏–∏. –ü–µ—Ä–≤—ã–µ –¥–≤–∞ –∫—É—Ä—Å–∞ –µ—ë —Ä–∞–∑–º–µ—Ä —Å–æ—Å—Ç–∞–≤–ª—è–µ—Ç 20 000 ‚ÇΩ/–º–µ—Å., –≤ –∏–Ω—ã—Ö —Å–ª—É—á–∞—è—Ö ‚Äì 3 000 ‚ÇΩ/–º–µ—Å.
–î–ª—è –æ—Ñ–æ—Ä–º–ª–µ–Ω–∏—è —Å–æ—Ü–∏–∞–ª—å–Ω–æ–π —Å—Ç–∏–ø–µ–Ω–¥–∏–∏ –Ω–µ–æ–±—Ö–æ–¥–∏–º–æ –æ–±—Ä–∞—Ç–∏—Ç—å—Å—è –≤ –û—Ç–¥–µ–ª —Å–æ—Ü–∏–∞–ª—å–Ω–æ–π –∑–∞—â–∏—Ç—ã –Ω–∞—Å–µ–ª–µ–Ω–∏—è –ø–æ –º–µ—Å—Ç—É –∂–∏—Ç–µ–ª—å—Å—Ç–≤–∞, –ø–æ–ª—É—á–∏—Ç—å —Å–ø—Ä–∞–≤–∫—É –∏ –ø–æ—Å–ª–µ –æ–±—Ä–∞—Ç–∏—Ç—å—Å—è –≤–º–µ—Å—Ç–µ —Å –Ω–µ–π –≤ –¥–µ–∫–∞–Ω–∞—Ç —Ñ–∞–∫—É–ª—å—Ç–µ—Ç–∞. 

–ü—Ä–∏ –æ–±—Ä–∞—â–µ–Ω–∏–∏ –≤ –§–æ–Ω–¥ —Å–æ—Ü–∏–∞–ª—å–Ω–æ–π –∑–∞—â–∏—Ç—ã –≤–∞—à–µ–≥–æ –≥–æ—Ä–æ–¥–∞ –Ω–µ–æ–±—Ö–æ–¥–∏–º—ã —Å–ª–µ–¥—É—é—â–∏–µ –¥–æ–∫—É–º–µ–Ω—Ç—ã:
1. —Å–ø—Ä–∞–≤–∫–∞ –æ–± –æ–±—É—á–µ–Ω–∏–∏ –∏–∑ —É–Ω–∏–≤–µ—Ä—Å–∏—Ç–µ—Ç–∞ (–∏–Ω–æ–≥–¥–∞ –¥–æ—Å—Ç–∞—Ç–æ—á–Ω–æ —Å—Ç—É–¥–µ–Ω—á–µ—Å–∫–æ–≥–æ);
2. —Å–ø—Ä–∞–≤–∫–∞ –∏–∑ –ø–µ–Ω—Å–∏–æ–Ω–Ω–æ–≥–æ —Ñ–æ–Ω–¥–∞, —á—Ç–æ –≤–∞–º –Ω–∞—á–∏—Å–ª–µ–Ω–∞ —Ñ–µ–¥–µ—Ä–∞–ª—å–Ω–∞—è –¥–æ–ø–ª–∞—Ç–∞, –∑–∞ –≥–æ–¥, –≤ –∫–æ—Ç–æ—Ä–æ–º –ø–æ–¥–∞—ë—Ç—Å—è –∑–∞—è–≤–ª–µ–Ω–∏–µ;
3. –ø–∞—Å–ø–æ—Ä—Ç;
4. –°–ù–ò–õ–°;
5. —Å–ø—Ä–∞–≤–∫–∞ –æ —Å–æ—Å—Ç–∞–≤–µ —Å–µ–º—å–∏.

–°–æ—Ü–∏–∞–ª—å–Ω—ã–π —Ñ–æ–Ω–¥ —Ä–∞—Å—Å–º–∞—Ç—Ä–∏–≤–∞–µ—Ç –∑–∞—è–≤–ª–µ–Ω–∏–µ –≤ —Ç–µ—á–µ–Ω–∏–µ 2—Ö –Ω–µ–¥–µ–ª—å. –ï—Å–ª–∏ –≤—Å—ë —Ö–æ—Ä–æ—à–æ, —Ç–æ –≤—ã –∏–º–µ–µ—Ç–µ –ø—Ä–∞–≤–æ –ø–æ–ª—É—á–∞—Ç—å —Å–æ—Ü–∏–∞–ª—å–Ω—É—é —Å—Ç–∏–ø–µ–Ω–¥–∏—é. –≠—Ç—É —Å–ø—Ä–∞–≤–∫—É –Ω–µ–æ–±—Ö–æ–¥–∏–º–æ –ø—Ä–µ–¥–æ—Å—Ç–∞–≤–∏—Ç—å –≤ –¥–µ–∫–∞–Ω–∞—Ç –¥–ª—è –Ω–∞–ø–∏—Å–∞–Ω–∏—è –∑–∞—è–≤–ª–µ–Ω–∏—è –Ω–∞ —Å–æ—Ü–∏–∞–ª—å–Ω—É—é —Å—Ç–∏–ø–µ–Ω–¥–∏—é. –°–ø—Ä–∞–≤–∫—É –Ω–µ–æ–±—Ö–æ–¥–∏–º–æ –ø—Ä–µ–¥–æ—Å—Ç–∞–≤–ª—è—Ç—å –≤ –¥–µ–∫–∞–Ω–∞—Ç –∫–∞–∂–¥—ã–π –≥–æ–¥ –¥–ª—è –ø—Ä–æ–¥–ª–µ–Ω–∏—è.
–ë–æ–Ω—É—Å ‚Äì —Ç–µ, –∫—Ç–æ –ø–æ–ª—É—á–∞—é—Ç —Å–æ—Ü–∏–∞–ª—å–Ω—É—é —Å—Ç–∏–ø–µ–Ω–¥–∏—é, –ø–æ–ª—É—á–∞—é—Ç —Å–∫–∏–¥–∫—É –Ω–∞ –æ–ø–ª–∞—Ç—É –æ–±—â–µ–∂–∏—Ç–∏—è –≤ —Ä–∞–∑–º–µ—Ä–µ 500 ‚ÇΩ.

–ë–æ–ª–µ–µ –ø–æ–¥—Ä–æ–±–Ω–æ —Å –∏–Ω—Ñ–æ—Ä–º–∞—Ü–∏–π –º–æ–∂–Ω–æ –æ–∑–Ω–∞–∫–æ–º–∏—Ç—å—Å—è –≤ ¬´–ü–æ–ª–æ–∂–µ–Ω–∏–∏ –æ —Å—Ç–∏–ø–µ–Ω–¥–∏–∞–ª—å–Ω–æ–º –æ–±–µ—Å–ø–µ—á–µ–Ω–∏–∏ –∏ –¥—Ä—É–≥–∏—Ö —Ñ–æ—Ä–º–∞—Ö –º–∞—Ç–µ—Ä–∏–∞–ª—å–Ω–æ–π –ø–æ–¥–¥–µ—Ä–∂–∫–∏ —Å—Ç—É–¥–µ–Ω—Ç–æ–≤¬ª –Ω–∞ —Å–∞–π—Ç–µ:
üåê https://spmi.ru/sveden/grants
",NULL
30,"–°—Ç–∏–ø–µ–Ω–¥–∏—è","–ü–æ –ø–æ—Ç–µ—Ä–µ –∫–æ—Ä–º–∏–ª—å—Ü–∞","–°–æ—Ü–∏–∞–ª—å–Ω–∞—è —Å—Ç–∏–ø–µ–Ω–¥–∏—è –ø–æ –ø–æ—Ç–µ—Ä–µ –∫–æ—Ä–º–∏–ª—å—Ü–∞ –¥–∞—ë—Ç—Å—è, –µ—Å–ª–∏ –í—ã –ø–æ–ª—É—á–∞–µ—Ç–µ —Ñ–µ–¥–µ—Ä–∞–ª—å–Ω—ã–µ –Ω–∞–¥–±–∞–≤–∫–∏ –∫ –ø–µ–Ω—Å–∏–∏ (—ç—Ç–æ –≤—ã–ø–ª–∞—Ç—ã –∫ –≤–∞—à–µ–π –ø–µ–Ω—Å–∏–∏, –µ—Å–ª–∏ –æ–Ω–∞ –Ω–∏–∂–µ –ø—Ä–æ–∂–∏—Ç–æ—á–Ω–æ–≥–æ –º–∏–Ω–∏–º—É–º–∞, –æ–±—ã—á–Ω–æ –≤ —Ç–∞–∫–æ–º —Å–ª—É—á–∞–µ –æ–Ω–∞ –¥–≤—É–º—è –ø–ª–∞—Ç–µ–∂–∞–º–∏ –ø—Ä–∏—Ö–æ–¥–∏—Ç –Ω–∞ –∫–∞—Ä—Ç—É). –ß—Ç–æ–±—ã –ø–æ–ª—É—á–∏—Ç—å —Å–æ—Ü–∏–∞–ª—å–Ω—É—é —Å—Ç–∏–ø–µ–Ω–¥–∏—é –Ω–µ–æ–±—Ö–æ–¥–∏–º–æ –æ–±—Ä–∞—Ç–∏—Ç—å—Å—è –≤ –§–æ–Ω–¥ —Å–æ—Ü–∏–∞–ª—å–Ω–æ–π –∑–∞—â–∏—Ç—ã –≤–∞—à–µ–≥–æ –≥–æ—Ä–æ–¥–∞.

–î–æ–∫—É–º–µ–Ω—Ç—ã:
1. —Å–ø—Ä–∞–≤–∫–∞ –∏–∑ —É–Ω–∏–≤–µ—Ä—Å–∏—Ç–µ—Ç–∞ (–∏–Ω–æ–≥–¥–∞ –ø—Ä–∏–Ω–∏–º–∞—é—Ç —Å—Ç—É–¥–µ–Ω—á–µ—Å–∫–∏–π);
2. —Å–ø—Ä–∞–≤–∫–∞ –∏–∑ –ø–µ–Ω—Å–∏–æ–Ω–Ω–æ–≥–æ —Ñ–æ–Ω–¥–∞, —á—Ç–æ –≤–∞–º –Ω–∞—á–∏—Å–ª–µ–Ω–∞ —Ñ–µ–¥–µ—Ä–∞–ª—å–Ω–∞—è –¥–æ–ø–ª–∞—Ç–∞ –æ–±—è–∑–∞—Ç–µ–ª—å–Ω–æ –∑–∞ –≥–æ–¥, –≤ –∫–æ—Ç–æ—Ä—ã–π –ø–æ–¥–∞—ë—Ç–µ –∑–∞—è–≤–ª–µ–Ω–∏–µ;
3. –ø–∞—Å–ø–æ—Ä—Ç;
4. –°–ù–ò–õ–°;
5. —Å–ø—Ä–∞–≤–∫–∞ –æ —Å–æ—Å—Ç–∞–≤–µ —Å–µ–º—å–∏.

–°–æ—Ü–∏–∞–ª—å–Ω—ã–π —Ñ–æ–Ω–¥ —Ä–∞—Å—Å–º–∞—Ç—Ä–∏–≤–∞–µ—Ç –≤–∞—à–µ –∑–∞—è–≤–ª–µ–Ω–∏–µ –≤ —Ç–µ—á–µ–Ω–∏–µ 2-—Ö –Ω–µ–¥–µ–ª—å. –ï—Å–ª–∏ –≤—Å–µ —Ö–æ—Ä–æ—à–æ, —Ç–æ –≤–∞–º –≤—ã–¥–∞—ë—Ç—Å—è —Å–ø—Ä–∞–≤–∫–∞ –æ —Ç–æ–º, —á—Ç–æ –≤—ã –∏–º–µ–µ—Ç–µ –ø—Ä–∞–≤–æ –ø–æ–ª—É—á–∞—Ç—å —Å–æ—Ü–∏–∞–ª—å–Ω—É—é —Å—Ç–∏–ø–µ–Ω–¥–∏—é. –≠—Ç—É —Å–ø—Ä–∞–≤–∫—É –í—ã –æ—Ç–Ω–æ—Å–∏—Ç–µ –≤ –¥–µ–∫–∞–Ω–∞—Ç, —Ç–∞–º –¥–∞—é—Ç –æ–±—Ä–∞–∑–µ—Ü –∑–∞—è–≤–ª–µ–Ω–∏—è.
–°–ø—Ä–∞–≤–∫—É –Ω–µ–æ–±—Ö–æ–¥–∏–º–æ –ø—Ä–µ–¥–æ—Å—Ç–∞–≤–ª—è—Ç—å –∫–∞–∂–¥—ã–π –≥–æ–¥ –≤ –¥–µ–∫–∞–Ω–∞—Ç –¥–ª—è –ø—Ä–æ–¥–ª–µ–Ω–∏—è.
–¢–∞–∫ –∂–µ –≤–æ–∑–º–æ–∂–Ω–∞ —Å–∫–∏–¥–∫–∞ –∑–∞ –æ–ø–ª–∞—Ç—É –æ–±—â–µ–∂–∏—Ç–∏—è –≤ —Ä–∞–∑–º–µ—Ä–µ 500 —Ä—É–±–ª–µ–π.
–°–æ—Ü–∏–∞–ª—å–Ω–∞—è —Å—Ç–∏–ø–µ–Ω–¥–∏—è —Å—É–º–º–∏—Ä—É–µ—Ç—Å—è —Å –æ–±—ã—á–Ω–æ–π –ø—Ä–∏ –µ—ë –Ω–∞–ª–∏—á–∏–∏.
",NULL
31,"–°–ø–æ—Ä—Ç –≤ –ì–æ—Ä–Ω–æ–º",NULL,"–°–ø–æ—Ä—Ç–∏–≤–Ω—ã–µ –∑–∞–Ω—è—Ç–∏—è –≤ —É–Ω–∏–≤–µ—Ä—Å–∏—Ç–µ—Ç–µ (–∫—Ä–æ–º–µ —Å–∞–º–æ—Å—Ç–æ—è—Ç–µ–ª—å–Ω–æ–≥–æ –ø–æ—Å–µ—â–µ–Ω–∏—è —Ç—Ä–µ–Ω–∞–∂—ë—Ä–Ω–æ–≥–æ –∑–∞–ª–∞ –≤ –£–¶ –∏–ª–∏ –æ–±—â–µ–∂–∏—Ç–∏—è—Ö, –∞ —Ç–∞–∫–∂–µ –ø–∞—Ä –ø–æ —Ñ–∏–∑–∫—É–ª—å—Ç—É—Ä–µ) –º–æ–∂–Ω–æ –æ—Ç–Ω–µ—Å—Ç–∏ –∫ –¥–≤—É–º —Ç–∏–ø–∞–º:

1. –∑–∞–Ω—è—Ç–∏—è –æ—Ç @sk_miner (–°–ö ¬´–ì–æ—Ä–Ω—è–∫¬ª) - –≤ —Å–±–æ—Ä–Ω—ã—Ö –∫–æ–º–∞–Ω–¥–∞—Ö –í–£–ó–∞:
üîπ —Ç—Ä–µ–Ω–∏—Ä–æ–≤–∫–∏ –ø—Ä–æ–≤–æ–¥—è—Ç –ø—Ä–µ–ø–æ–¥–∞–≤–∞—Ç–µ–ª–∏ —É–Ω–∏–≤–µ—Ä—Å–∏—Ç–µ—Ç–∞;
üîπ –Ω–µ–æ–±—Ö–æ–¥–∏–º–æ –ø—Ä–æ–π—Ç–∏ –æ—Ç–±–æ—Ä;
üîπ —Å–º—è–≥—á–µ–Ω–∏—è –ø–æ–ø–æ—Å–µ—â–µ–Ω–∏—è–º –ø–∞—Ä –ø–æ —Ñ–∏–∑–∫—É–ª—å—Ç—É—Ä–µ;
üîπ –ø–æ–≤—ã—à–µ–Ω–Ω–∞—è —Å—Ç–∏–ø–µ–Ω–¥–∏—è –∑–∞ –æ—Å–æ–±—ã–µ –¥–æ—Å—Ç–∏–∂–µ–Ω–∏—è;

2. –∑–∞–Ω—è—Ç–∏—è –æ—Ç @mining_hawks (–°–°–ö ¬´–ì–æ—Ä–Ω—ã–µ –Ø—Å—Ç—Ä–µ–±—ã¬ª) - –≤ —Å—Ç—É–¥–µ–Ω—á–µ—Å–∫–∏—Ö —Å–ø–æ—Ä—Ç–∏–≤–Ω—ã—Ö —Å–µ–∫—Ü–∏—è—Ö:
üîπ —Ç—Ä–µ–Ω–∏—Ä–æ–≤–∫–∏ –ø—Ä–æ–≤–æ–¥—è—Ç —Å—Ç—É–¥–µ–Ω—Ç—ã —É–Ω–∏–≤–µ—Ä—Å–∏—Ç–µ—Ç–∞;
üîπ –¥–æ—Å—Ç—É–ø–Ω–æ –¥–ª—è –≤—Å–µ—Ö –∂–µ–ª–∞—é—â–∏—Ö.

–í–º–µ—Å—Ç–æ –ø–æ—Å–µ—â–µ–Ω–∏—è –ø–∞—Ä –ø–æ —Ñ–∏–∑–∫—É–ª—å—Ç—É—Ä–µ –≤–æ–∑–º–æ–∂–Ω–æ –ø–æ—Å–µ—â–µ–Ω–∏–µ –±–∞—Å—Å–µ–π–Ω–∞ –≤ –£–¶ ‚Ññ2. –î–ª—è —ç—Ç–æ–≥–æ –Ω–µ–æ–±—Ö–æ–¥–∏–º–æ –¥–æ–≥–æ–≤–æ—Ä–∏—Ç—å—Å—è —Å –≥–ª–∞–≤–Ω—ã–º –ø—Ä–µ–ø–æ–¥–∞–≤–∞—Ç–µ–ª–µ–º –ø–æ —Ñ–∞–∫—É–ª—å—Ç–µ—Ç—É –ø–æ —Ñ–∏–∑–∫—É–ª—å—Ç—É—Ä–µ, –∑–∞—Ç–µ–º –ø–æ–π—Ç–∏ –≤ –°–ö ¬´–ë–∞—Å—Å–µ–π–Ω¬ª, –∑–∞–ø–∏—Å–∞—Ç—å—Å—è –∏ –ø—Ä–æ–π—Ç–∏ –æ—Å–º–æ—Ç—Ä –º–µ—Å—Ç–Ω–æ–≥–æ –≤—Ä–∞—á–∞ ‚Äì –≥–æ—Ç–æ–≤–æ, —Ç–≤–æ–∏ –ø–æ—Å–µ—â–µ–Ω–∏—è –±–∞—Å—Å–µ–π–Ω–∞ –∑–∞—Å—á–∏—Ç—ã–≤–∞—é—Ç—Å—è –∑–∞ –ø–æ—Å–µ—â–µ–Ω–∏—è —Ñ–∏–∑–∫—É–ª—å—Ç—É—Ä—ã! –ù–æ –µ–≥–æ –º–æ–∂–Ω–æ –ø–æ—Å–µ—â–∞—Ç—å –∏ –ø—Ä–æ—Å—Ç–æ —Ç–∞–∫, –µ—Å–ª–∏ —Ö–æ—á–µ—Ç—Å—è.
",NULL
32,"–ü–ª–∞—Ç–Ω–æ–µ –æ–±—É—á–µ–Ω–∏–µ",NULL,"–ü–æ—Å–ª–µ –≤—ã—Ö–æ–¥–∞ –ø—Ä–∏–∫–∞–∑–æ–≤ –æ –∑–∞—á–∏—Å–ª–µ–Ω–∏–∏ –æ–ø–ª–∞—Ç–∞ –ø–µ—Ä–≤–æ–≥–æ —Å–µ–º–µ—Å—Ç—Ä–∞ –º–æ–∂–µ—Ç –±—ã—Ç—å –ø—Ä–æ–≤–µ–¥–µ–Ω–∞ –¥–æ 31 –∞–≤–≥—É—Å—Ç–∞ –≤–∫–ª—é—á–∏—Ç–µ–ª—å–Ω–æ. –î–∞–ª–µ–µ –æ–ø–ª–∞—Ç–∞ –ø—Ä–æ–∏—Å—Ö–æ–¥–∏—Ç –ø–æ —Å–µ–º–µ—Å—Ç—Ä–∞–º: –¥–æ 20 –∞–≤–≥—É—Å—Ç–∞ –∑–∞ –æ—Å–µ–Ω–Ω–∏–π –∏ –¥–æ 20 —è–Ω–≤–∞—Ä—è –∑–∞ –≤–µ—Å–µ–Ω–Ω–∏–π. 
–¢–∞–∫–∂–µ —Ç—Ä–µ–±—É–µ—Ç—Å—è –Ω–∞–ø—Ä–∞–≤–∏—Ç—å –∫–æ–ø–∏–∏ –ø–ª–∞—Ç—ë–∂–Ω—ã—Ö –¥–æ–∫—É–º–µ–Ω—Ç–æ–≤ (—á–µ–∫ –æ–± –æ–ø–ª–∞—Ç–µ) –Ω–∞ –ø–æ—á—Ç—É oko@spmi.ru (–≤ —Ç–µ–º–µ –ø–∏—Å—å–º–∞ —É–∫–∞–∑–∞—Ç—å —Ñ–∞–º–∏–ª–∏—é –∏ –∏–Ω–∏—Ü–∏–∞–ª—ã –æ–±—É—á–∞—é—â–µ–≥–æ—Å—è).
–ï—Å–ª–∏ –¥–≤–µ —Å–µ—Å—Å–∏–∏ –ø–æ–¥—Ä—è–¥ –∑–∞–∫—Ä—ã—Ç—ã –Ω–∞ ¬´—Ö–æ—Ä–æ—à–æ¬ª –∏ ¬´–æ—Ç–ª–∏—á–Ω–æ¬ª, —Ç–æ –º–æ–∂–Ω–æ –ø–æ–ø—Ä–æ–±–æ–≤–∞—Ç—å –ø–µ—Ä–µ–≤–µ—Å—Ç–∏—Å—å –Ω–∞ –±—é–¥–∂–µ—Ç –ø—Ä–∏ —É—Å–ª–æ–≤–∏–∏ –Ω–∞–ª–∏—á–∏—è —Å–≤–æ–±–æ–¥–Ω—ã—Ö –±—é–¥–∂–µ—Ç–Ω—ã—Ö –º–µ—Å—Ç –≤ –≥—Ä—É–ø–ø–µ.

–ü–æ–¥—Ä–æ–±–Ω–µ–µ –æ –∫–æ–Ω—Ç—Ä–∞–∫—Ç–Ω–æ–º –æ–±—É—á–µ–Ω–∏–∏ –º–æ–∂–Ω–æ —É–∑–Ω–∞—Ç—å –Ω–∞ —Å–∞–π—Ç–µ: 
üåê https://spmi.ru/kontraktnoe-obucenie 
",NULL
33,"–°—Ç–æ–ª–æ–≤—ã–µ","–°—Ç–æ–∏–º–æ—Å—Ç—å","–°—Ä–µ–¥–Ω—è—è —Å—Ç–æ–∏–º–æ—Å—Ç—å –æ–±–µ–¥–∞: 300-350 ‚ÇΩ (1–æ–µ, 2–æ–µ, —Å–∞–ª–∞—Ç –∏ –Ω–∞–ø–∏—Ç–æ–∫).
–°—Ç–æ–ª–æ–≤—ã–µ –µ—Å—Ç—å –≤ –∫–∞–∂–¥–æ–º —É—á–µ–±–Ω–æ–º —Ü–µ–Ω—Ç—Ä–µ —É–Ω–∏–≤–µ—Ä—Å–∏—Ç–µ—Ç–∞. –ö–æ–º–ø–ª–µ–∫—Å–Ω—ã–µ –æ–±–µ–¥—ã –µ—Å—Ç—å –≤ –£–¶ ‚Ññ1 (3–∏–π —ç—Ç–∞–∂, –ø–µ—Ä–µ—Ö–æ–¥ –≤ 1—ã–π –∫–æ—Ä–ø—É—Å) –∏ –≤ –£–¶ ‚Ññ3 (—Å—Ç–æ–ª–æ–≤–∞—è –Ω–∞ 4–æ–º —ç—Ç–∞–∂–µ).
",NULL
34,"–°—Ç–æ–ª–æ–≤—ã–µ","–û—á–µ—Ä–µ–¥–∏","–ö–æ–ª–∏—á–µ—Å—Ç–≤–æ –ª—é–¥–µ–π –∑–∞–≤–∏—Å–∏—Ç –æ—Ç –ø–µ—Ä–µ–º–µ–Ω—ã, —Å–∞–º–∞—è –±–æ–ª—å—à–∞—è –∑–∞–≥—Ä—É–∂–µ–Ω–Ω–æ—Å—Ç—å –±—ã–≤–∞–µ—Ç –≤–æ –≤—Ä–µ–º—è –±–æ–ª—å—à–æ–≥–æ –ø–µ—Ä–µ—Ä—ã–≤–∞ (12:05 ‚Äì 12:35).

–ù–æ –ø–µ—Ä–µ–∂–∏–≤–∞—Ç—å –Ω–µ —Å—Ç–æ–∏—Ç ‚Äì –ø–æ–µ—Å—Ç—å —É—Å–ø–µ–≤–∞—é—Ç –≤—Å–µ. –í—Å–µ–≥–¥–∞ –º–æ–∂–Ω–æ –ø—Ä–æ–≤–µ—Ä–∏—Ç—å –∑–∞–≥—Ä—É–∂–µ–Ω–Ω–æ—Å—Ç—å —Å—Ç–æ–ª–æ–≤—ã—Ö –Ω–∞ –¥—Ä—É–≥–∏—Ö —ç—Ç–∞–∂–∞—Ö –∏–ª–∏ —Å—Ö–æ–¥–∏—Ç—å –≤ –±–ª–∏–∂–∞–π—à–∏–µ –º–∞–≥–∞–∑–∏–Ω—ã –∏ –∫–∞—Ñ–µ.
",NULL
35,"–°—Ç–æ–ª–æ–≤—ã–µ","–í—Ä–µ–º—è —Ä–∞–±–æ—Ç—ã","–í—Ä–µ–º—è —Ä–∞–±–æ—Ç—ã —Å—Ç–æ–ª–æ–≤—ã—Ö:
üîπ –£–¶ ‚Ññ1: —Å 9:00 –¥–æ 17:00 (–ø—Ç ‚Äì –¥–æ 16:00);
üîπ –£–¶ ‚Ññ2: —Å 9:00 –¥–æ 16:00;
üîπ –£–¶ ‚Ññ3: —Å 9:00 –¥–æ 16:00, –±—É—Ñ–µ—Ç —É –∑–∞–ª–∞ –Ω–∞ 1–æ–º —ç—Ç–∞–∂–µ ‚Äì —Å 11:00 –¥–æ 20:00.

–í –£–¶ ‚Ññ1 –ø–æ–º–∏–º–æ —Å—Ç–æ–ª–æ–≤—ã—Ö –Ω–∞ —ç—Ç–∞–∂–∞—Ö –≤ –ø–µ—Ä–µ—Ö–æ–¥–∞—Ö –º–µ–∂–¥—É –∫–æ—Ä–ø—É—Å–∞–º–∏ –µ—Å—Ç—å –æ—Å—Ç—Ä–æ–≤–∫–∏-–∫–æ—Ñ–µ–π–Ω–∏, –≥–¥–µ –º–æ–∂–Ω–æ –ø—Ä–∏–æ–±—Ä–µ—Å—Ç–∏ –∫–æ—Ñ–µ, –Ω–∞–ø–∏—Ç–∫–∏ –∏ —Ä–∞–∑–ª–∏—á–Ω—ã–µ –≤–∫—É—Å–Ω–æ—Å—Ç–∏. –ü–æ–º–∏–º–æ —Å—Ç–æ–ª–æ–≤—ã—Ö –µ—Å—Ç—å –±—É—Ñ–µ—Ç—ã, –≥–¥–µ –º–æ–∂–Ω–æ –ø—Ä–æ—Å—Ç–æ –ø–µ—Ä–µ–∫—É—Å–∏—Ç—å ‚Äì —Å–∞–ª–∞—Ç–∏–∫–æ–º, –≤—ã–ø–µ—á–∫–æ–π –∏ —á–∞–µ–º —Å –¥–µ—Å–µ—Ä—Ç–æ–º. 
",NULL
36,"–°—Ç–∞—Ä–æ—Å—Ç—ã","–û–±—è–∑–∞–Ω–Ω–æ—Å—Ç–∏","–í –æ–±—è–∑–∞–Ω–Ω–æ—Å—Ç–∏ —Å—Ç–∞—Ä–æ—Å—Ç—ã –≤—Ö–æ–¥–∏—Ç:
üîπ –∫–∞–∂–¥—ã–π —Å–µ–º–µ—Å—Ç—Ä –∑–∞–ø–æ–ª–Ω—è—Ç—å –∂—É—Ä–Ω–∞–ª —É—á–µ—Ç–∞ –ø–æ—Å–µ—â–∞–µ–º–æ—Å—Ç–∏ —Å—Ç—É–¥–µ–Ω—Ç–æ–≤ –≥—Ä—É–ø–ø—ã (–≤–Ω–æ—Å–∏—Ç—å —Å–ø–∏—Å–æ–∫ –∏ —Ä–∞—Å–ø–∏—Å–∞–Ω–∏–µ);
üîπ –µ–∂–µ–¥–Ω–µ–≤–Ω–æ –∑–∞–ø–æ–ª–Ω—è—Ç—å –ø—Ä–æ–ø—É—Å–∫–∏ –≤ –∂—É—Ä–Ω–∞–ª–µ –∏ –ø–æ—Å–ª–µ –∫–∞–∂–¥–æ–π –ø–∞—Ä—ã –¥–∞–≤–∞—Ç—å –∂—É—Ä–Ω–∞–ª –ø—Ä–µ–ø–æ–¥–∞–≤–∞—Ç–µ–ª—é –Ω–∞ –ø–æ–¥–ø–∏—Å—å;
üîπ –≤ –∫–æ–Ω—Ü–µ –Ω–µ–¥–µ–ª–∏ –æ—Ç–¥–∞–≤–∞—Ç—å –∂—É—Ä–Ω–∞–ª –Ω–∞ –ø–æ–¥–ø–∏—Å—å –∫—É—Ä–∞—Ç–æ—Ä—É –∏ –¥–µ–∫–∞–Ω—É/–∑–∞–º–¥–µ–∫–∞–Ω–∞;
üîπ –µ–∂–µ–º–µ—Å—è—á–Ω–æ –ø—Ä–∏–µ–∑–∂–∞—Ç—å –≤ –¥–µ–∫–∞–Ω–∞—Ç –∏ –∑–∞–ø–æ–ª–Ω—è—Ç—å –ø—Ä–æ–ø—É—Å–∫–∏ –≥—Ä—É–ø–ø—ã –∑–∞ –º–µ—Å—è—Ü;
üîπ –ø–æ—Å–ª–µ —ç–∫–∑–∞–º–µ–Ω–æ–≤ —Å–æ–±–∏—Ä–∞—Ç—å –∑–∞—á—ë—Ç–∫–∏ —É –≥—Ä—É–ø–ø—ã –∏ –æ—Ç–Ω–æ—Å–∏—Ç—å –ø—Ä–µ–ø–æ–¥–∞–≤–∞—Ç–µ–ª—è–º –¥–ª—è –ø—Ä–æ—Å—Ç–∞–≤–ª–µ–Ω–∏—è —Ä–µ–∑—É–ª—å—Ç–∞—Ç–æ–≤;
 üîπ –ø–æ—Å–ª–µ –ø—Ä–æ—Å—Ç–∞–Ω–æ–≤–∫–∏ –≤ –∑–∞—á—ë—Ç–∫–∞—Ö –æ—Ü–µ–Ω–æ–∫ –∑–∞ —ç–∫–∑–∞–º–µ–Ω—ã –æ—Ç–Ω–æ—Å–∏—Ç—å –∏—Ö –≤ –¥–µ–∫–∞–Ω–∞—Ç –¥–ª—è –ø—Ä–æ—Å—Ç–∞–≤–ª–µ–Ω–∏—è –æ—Ç–º–µ—Ç–æ–∫ –æ –∑–∞–∫—Ä—ã—Ç–∏–∏ –≥—Ä—É–ø–ø–æ–π —Å–µ—Å—Å–∏–∏ –∏ –¥—Ä.

–í –∫–∞—á–µ—Å—Ç–≤–µ –±–æ–Ω—É—Å–∞ —Å—Ç–∞—Ä–æ—Å—Ç—ã –ø–æ–ª—É—á–∞—é—Ç –≤—ã–ø–ª–∞—Ç—ã –∑–∞ –Ω–∞–¥–ª–µ–∂–∞—â–µ–µ –≤—ã–ø–æ–ª–Ω–µ–Ω–∏–µ —Å–≤–æ–∏—Ö –æ–±—è–∑–∞–Ω–Ω–æ—Å—Ç–µ–π.
",NULL
37,"–°—Ç–∞—Ä–æ—Å—Ç—ã","–ö–∞–∫ —Å—Ç–∞—Ç—å —Å—Ç–∞—Ä–æ—Å—Ç–æ–π?","–°—Ç–∞—Ä–æ—Å—Ç–∞ –º–æ–∂–µ—Ç –±—ã—Ç—å –Ω–∞–∑–Ω–∞—á–µ–Ω –¥–µ–∫–∞–Ω–∞—Ç–æ–º –∏–ª–∏ —Ü–µ–Ω—Ç—Ä–∞–ª–∏–∑–æ–≤–∞–Ω–Ω–æ –≤—ã–±—Ä–∞–Ω —É—á–µ–±–Ω–æ–π –≥—Ä—É–ø–ø–æ–π 1 —Å–µ–Ω—Ç—è–±—Ä—è (–ø—Ä–æ—Ü–µ—Å—Å –≤—ã–±–æ—Ä–∞ –º–µ–Ω—è–µ—Ç—Å—è –≤ –∑–∞–≤–∏—Å–∏–º–æ—Å—Ç–∏ –æ—Ç –≥–æ–¥–∞ –∏ —Ñ–∞–∫—É–ª—å—Ç–µ—Ç–∞). 
–í —Å–ª—É—á–∞–µ, –µ—Å–ª–∏ –≤—ã–±—Ä–∞–Ω–Ω—ã–π —Å—Ç–∞—Ä–æ—Å—Ç–∞ –≥—Ä—É–ø–ø—É –Ω–µ —É—Å—Ç—Ä–∞–∏–≤–∞–µ—Ç, –º–æ–∂–Ω–æ –Ω–∞–ø–∏—Å–∞—Ç—å –∑–∞—è–≤–ª–µ–Ω–∏–µ –æ —Å–º–µ–Ω–µ —Å—Ç–∞—Ä–æ—Å—Ç—ã –∏ –≤—ã–¥–≤–∏–Ω—É—Ç—å –±–æ–ª–µ–µ –ø–æ–¥—Ö–æ–¥—è—â–µ–≥–æ –∫–∞–Ω–¥–∏–¥–∞—Ç–∞. –ü—Ä–∏ —ç—Ç–æ–º –Ω—É–∂–Ω–æ —Å–æ–±—Ä–∞—Ç—å –ø–æ–¥–ø–∏—Å–∏ –æ –ø–µ—Ä–µ–≤—ã–±–æ—Ä–∞—Ö —Å—Ç–∞—Ä–æ—Å—Ç—ã –æ—Ç –≤—Å–µ—Ö —Å—Ç—É–¥–µ–Ω—Ç–æ–≤ –≥—Ä—É–ø–ø—ã –∏ —Å–æ–æ–±—â–∏—Ç—å –æ –∑–∞–º–µ–Ω–µ —Å–≤–æ–µ–º—É –ø—Ä–µ–ø–æ–¥–∞–≤–∞—Ç–µ–ª—é-–∫—É—Ä–∞—Ç–æ—Ä—É.
",NULL
